-- phpMyAdmin SQL Dump
-- version 5.2.1
-- https://www.phpmyadmin.net/
--
-- Servidor: 127.0.0.1
-- Tiempo de generación: 09-07-2026 a las 17:33:19
-- Versión del servidor: 10.4.32-MariaDB
-- Versión de PHP: 8.0.30

SET SQL_MODE = "NO_AUTO_VALUE_ON_ZERO";
START TRANSACTION;
SET time_zone = "+00:00";


/*!40101 SET @OLD_CHARACTER_SET_CLIENT=@@CHARACTER_SET_CLIENT */;
/*!40101 SET @OLD_CHARACTER_SET_RESULTS=@@CHARACTER_SET_RESULTS */;
/*!40101 SET @OLD_COLLATION_CONNECTION=@@COLLATION_CONNECTION */;
/*!40101 SET NAMES utf8mb4 */;

--
-- Base de datos: `tienda`
--

-- --------------------------------------------------------

--
-- Estructura de tabla para la tabla `aliados`
--

CREATE TABLE `aliados` (
  `id` int(11) NOT NULL,
  `nombre` varchar(255) DEFAULT NULL,
  `descripcion` text DEFAULT NULL,
  `ubicacion` varchar(255) DEFAULT NULL,
  `contacto` varchar(255) DEFAULT NULL,
  `estado` varchar(20) DEFAULT 'activo',
  `categoria` varchar(255) DEFAULT NULL,
  `logo` varchar(255) DEFAULT NULL,
  `imagen_principal` varchar(255) DEFAULT NULL,
  `galeria` text DEFAULT NULL
) ENGINE=InnoDB DEFAULT CHARSET=utf8mb4 COLLATE=utf8mb4_general_ci;

--
-- Volcado de datos para la tabla `aliados`
--

INSERT INTO `aliados` (`id`, `nombre`, `descripcion`, `ubicacion`, `contacto`, `estado`, `categoria`, `logo`, `imagen_principal`, `galeria`) VALUES
(8, 'Luna Moda', 'Descubre nuestra tienda de ropa, donde el estilo se encuentra con la comodidad. Ofrecemos prendas modernas, versátiles y de excelente calidad, pensadas para resaltar tu personalidad en cada ocasión.', 'manzana C casa 15', '3233404121', 'activo', 'Tienda de Ropa', '1782100428503-f5a7683e-3b60-40ff-88e1-501954782038.png', '1782100428528-87123501-bf7b-4fdf-bb2a-10992d331c4e.png', '[\"1782100428551-ejercicio.png\",\"1782100428572-logo.png\",\"1782100428613-publicidad-eventos.png\"]'),
(9, 'Luna Moda', 'rrrr rrrrr rrrrrrrr r rrrr  r ', 'manzana C casa 15', '3233404121', 'activo', 'Tienda de Ropa', '1782107655453-f5a7683e-3b60-40ff-88e1-501954782038.png', '1782106602594-chiva2.jpg', '[\"1782106602599-logo.jpg\",\"1782106602601-Publicidad.png\",\"1782106602630-publicidad-eventos.png\",\"1782106602651-Tarjeta de presentacion.png\",\"1782106602667-chiva2.jpg\",\"1782106602682-chiva1.jpg\"]');

-- --------------------------------------------------------

--
-- Estructura de tabla para la tabla `asistencias`
--

CREATE TABLE `asistencias` (
  `id` int(11) NOT NULL,
  `cliente_id` int(11) NOT NULL,
  `fecha` timestamp NOT NULL DEFAULT current_timestamp()
) ENGINE=InnoDB DEFAULT CHARSET=utf8mb4 COLLATE=utf8mb4_general_ci;

--
-- Volcado de datos para la tabla `asistencias`
--

INSERT INTO `asistencias` (`id`, `cliente_id`, `fecha`) VALUES
(1, 1, '2026-05-31 16:42:29'),
(3, 2, '2026-05-31 17:49:52'),
(4, 3, '2026-06-03 12:52:54');

-- --------------------------------------------------------

--
-- Estructura de tabla para la tabla `categorias`
--

CREATE TABLE `categorias` (
  `id` int(11) NOT NULL,
  `nombre` varchar(100) NOT NULL,
  `imagen` varchar(255) NOT NULL
) ENGINE=InnoDB DEFAULT CHARSET=utf8mb4 COLLATE=utf8mb4_general_ci;

--
-- Volcado de datos para la tabla `categorias`
--

INSERT INTO `categorias` (`id`, `nombre`, `imagen`) VALUES
(3, 'Cocteles', 'uploads/categorias/1782259177073-categoria-cocteles.png'),
(4, 'Choriperro', 'uploads/categorias/1782258990291-categoria-chorriperro.png'),
(5, 'Salchipapas', 'uploads/categorias/1782258967524-categoria-salchipapa.png'),
(6, 'Perro Caliente', 'uploads/categorias/1782258945635-categoria-perro-caliente.png'),
(7, 'Hamburguesa', 'uploads/categorias/1782258911495-categoria-hamburguesa.png'),
(9, 'Licor', 'uploads/categorias/1782259353193-categoria-licor.png'),
(10, 'Aguardiente', 'uploads/categorias/1782259370747-categoria-aguardiente.png'),
(11, 'Licor', 'uploads/categorias/1782449662349-categoria-licor.png');

-- --------------------------------------------------------

--
-- Estructura de tabla para la tabla `clientes`
--

CREATE TABLE `clientes` (
  `id` int(11) NOT NULL,
  `nombre` varchar(150) NOT NULL,
  `cedula` varchar(30) NOT NULL,
  `whatsapp` varchar(30) NOT NULL,
  `plan` enum('diario','semanal','mensual') NOT NULL,
  `fecha_inicio` date DEFAULT NULL,
  `fecha_fin` date DEFAULT NULL,
  `estado` enum('activo','inactivo') DEFAULT 'activo',
  `created_at` timestamp NOT NULL DEFAULT current_timestamp()
) ENGINE=InnoDB DEFAULT CHARSET=utf8mb4 COLLATE=utf8mb4_general_ci;

--
-- Volcado de datos para la tabla `clientes`
--

INSERT INTO `clientes` (`id`, `nombre`, `cedula`, `whatsapp`, `plan`, `fecha_inicio`, `fecha_fin`, `estado`, `created_at`) VALUES
(1, 'Ernesto Parra', '23882107', '3233404121', 'semanal', '2026-05-31', '2026-06-07', 'activo', '2026-05-31 16:41:58'),
(2, 'Erika Marin', '1110468101', '3233404121', 'diario', '2026-05-31', '2026-06-01', 'activo', '2026-05-31 17:49:26'),
(3, 'Jaime Barreto', '79743092', '3142266029', 'mensual', '2026-06-03', '2026-07-03', 'activo', '2026-06-03 12:51:05');

-- --------------------------------------------------------

--
-- Estructura de tabla para la tabla `comentarios_clientes`
--

CREATE TABLE `comentarios_clientes` (
  `id` int(11) NOT NULL,
  `nombre` varchar(120) NOT NULL,
  `comentario` text NOT NULL,
  `estado` enum('activo','inactivo') DEFAULT 'activo',
  `created_at` timestamp NOT NULL DEFAULT current_timestamp()
) ENGINE=InnoDB DEFAULT CHARSET=utf8mb4 COLLATE=utf8mb4_general_ci;

--
-- Volcado de datos para la tabla `comentarios_clientes`
--

INSERT INTO `comentarios_clientes` (`id`, `nombre`, `comentario`, `estado`, `created_at`) VALUES
(2, 'Ernesto Parra', 'este es otro comentario de Prueba', 'activo', '2026-05-31 18:27:25'),
(3, 'Ernesto Parra', 'Habia una vez un barquito Chiquitico', 'activo', '2026-05-31 18:27:41'),
(5, 'Ernesto Parra', '“Me encanta venir a este gimnasio! Es limpio, espacioso con excelente iluminación, todo el mundo es muy amable. Llevo viniendo un poco más de 3 meses, de todos los gimnasios a los que me he apuntado, este es, sin duda, mi favorito. Ofrecen un excelente servicio, equipos de gimnasio modernos y un personal', 'activo', '2026-07-02 22:24:11');

-- --------------------------------------------------------

--
-- Estructura de tabla para la tabla `configuracion`
--

CREATE TABLE `configuracion` (
  `id` int(11) NOT NULL,
  `clave` varchar(100) NOT NULL,
  `valor` varchar(255) NOT NULL
) ENGINE=InnoDB DEFAULT CHARSET=utf8mb4 COLLATE=utf8mb4_general_ci;

--
-- Volcado de datos para la tabla `configuracion`
--

INSERT INTO `configuracion` (`id`, `clave`, `valor`) VALUES
(1, 'tasa_cambio', '4000');

-- --------------------------------------------------------

--
-- Estructura de tabla para la tabla `ejercicios`
--

CREATE TABLE `ejercicios` (
  `id` int(11) NOT NULL,
  `grupo_id` int(11) NOT NULL,
  `nombre` varchar(150) NOT NULL,
  `repeticiones` varchar(80) DEFAULT NULL,
  `descripcion` text DEFAULT NULL,
  `imagen` varchar(255) DEFAULT NULL,
  `orden` int(11) DEFAULT 0,
  `estado` enum('activo','inactivo') DEFAULT 'activo',
  `created_at` timestamp NOT NULL DEFAULT current_timestamp()
) ENGINE=InnoDB DEFAULT CHARSET=utf8mb4 COLLATE=utf8mb4_general_ci;

--
-- Volcado de datos para la tabla `ejercicios`
--

INSERT INTO `ejercicios` (`id`, `grupo_id`, `nombre`, `repeticiones`, `descripcion`, `imagen`, `orden`, `estado`, `created_at`) VALUES
(2, 1, 'Barra media', '4 x 12', 'arriba y abajo', 'uploads/ejercicios/ejercicio-1780241321968-467317690.webp', 1, 'activo', '2026-05-31 15:22:20'),
(3, 1, 'Cruce de poleas para pecho bajo', '4 x 12', 'Este ejercicio se realiza de pie', 'uploads/ejercicios/ejercicio-1780244241488-469414241.png', 3, 'activo', '2026-05-31 15:23:19'),
(4, 3, 'Barra Delantera', '4 x 12', 'sube y baja', 'uploads/ejercicios/ejercicio-1780245430949-660862138.webp', 1, 'activo', '2026-05-31 16:37:10'),
(5, 3, 'Barra Trasera', '4 x 12', 'arriba y abajo', 'uploads/ejercicios/ejercicio-1780245465824-802689140.webp', 2, 'activo', '2026-05-31 16:37:45'),
(6, 3, 'Remo', '4 x 12', 'adelante y atras', 'uploads/ejercicios/ejercicio-1780245498570-613701698.webp', 3, 'activo', '2026-05-31 16:38:18'),
(7, 1, 'Barra Superior', '4 x 12', 'arriba y abajo', 'uploads/ejercicios/ejercicio-1780245549954-839007202.png', 2, 'activo', '2026-05-31 16:39:09'),
(8, 4, 'Prensa', '4 x 12', 'sube y baja', 'uploads/ejercicios/ejercicio-1780260857011-54617274.png', 1, 'activo', '2026-05-31 20:54:17'),
(9, 4, 'Sentadilla Bulgara', '4 x 12', 'baja y sube', 'uploads/ejercicios/ejercicio-1780260887806-944679746.png', 2, 'activo', '2026-05-31 20:54:47'),
(10, 4, 'Sentadilla Rusa', '4 x 12', 'baja y sube', 'uploads/ejercicios/ejercicio-1780260933023-913410912.png', 3, 'activo', '2026-05-31 20:55:33');

-- --------------------------------------------------------

--
-- Estructura de tabla para la tabla `flyers`
--

CREATE TABLE `flyers` (
  `id` int(11) NOT NULL,
  `imagen` varchar(255) NOT NULL,
  `imagen_desktop` varchar(255) DEFAULT NULL,
  `imagen_mobile` varchar(255) DEFAULT NULL
) ENGINE=InnoDB DEFAULT CHARSET=utf8mb4 COLLATE=utf8mb4_general_ci;

--
-- Volcado de datos para la tabla `flyers`
--

INSERT INTO `flyers` (`id`, `imagen`, `imagen_desktop`, `imagen_mobile`) VALUES
(15, 'uploads/flyers/1782180230746-banner-1.png', NULL, NULL);

-- --------------------------------------------------------

--
-- Estructura de tabla para la tabla `grupos_musculares`
--

CREATE TABLE `grupos_musculares` (
  `id` int(11) NOT NULL,
  `nombre` varchar(100) NOT NULL,
  `descripcion` text DEFAULT NULL,
  `orden` int(11) DEFAULT 0,
  `estado` enum('activo','inactivo') DEFAULT 'activo',
  `created_at` timestamp NOT NULL DEFAULT current_timestamp()
) ENGINE=InnoDB DEFAULT CHARSET=utf8mb4 COLLATE=utf8mb4_general_ci;

--
-- Volcado de datos para la tabla `grupos_musculares`
--

INSERT INTO `grupos_musculares` (`id`, `nombre`, `descripcion`, `orden`, `estado`, `created_at`) VALUES
(1, 'Pecho', '', 1, 'activo', '2026-05-31 15:17:28'),
(3, 'Espalda', '', 2, 'activo', '2026-05-31 16:36:18'),
(4, 'Piernas', '', 4, 'activo', '2026-05-31 20:53:52');

-- --------------------------------------------------------

--
-- Estructura de tabla para la tabla `mesas`
--

CREATE TABLE `mesas` (
  `id` int(11) NOT NULL,
  `numero_mesa` int(11) NOT NULL,
  `nombre_ocupante` varchar(100) DEFAULT NULL,
  `cedula_ocupante` varchar(20) DEFAULT NULL,
  `estado` enum('disponible','ocupado') DEFAULT 'disponible'
) ENGINE=InnoDB DEFAULT CHARSET=utf8mb4 COLLATE=utf8mb4_general_ci;

--
-- Volcado de datos para la tabla `mesas`
--

INSERT INTO `mesas` (`id`, `numero_mesa`, `nombre_ocupante`, `cedula_ocupante`, `estado`) VALUES
(1, 1, NULL, NULL, 'disponible'),
(2, 2, NULL, NULL, 'disponible'),
(3, 3, NULL, NULL, 'disponible'),
(4, 4, NULL, NULL, 'disponible'),
(5, 5, NULL, NULL, 'disponible'),
(6, 6, NULL, NULL, 'disponible'),
(7, 7, NULL, NULL, 'disponible'),
(8, 8, NULL, NULL, 'disponible'),
(9, 9, NULL, NULL, 'disponible'),
(10, 10, NULL, NULL, 'disponible');

-- --------------------------------------------------------

--
-- Estructura de tabla para la tabla `pedidos`
--

CREATE TABLE `pedidos` (
  `id` int(11) NOT NULL,
  `nombre` varchar(150) NOT NULL,
  `whatsapp` varchar(50) NOT NULL,
  `correo` varchar(150) DEFAULT NULL,
  `direccion` varchar(255) NOT NULL,
  `ciudad` varchar(100) NOT NULL,
  `metodo_pago` varchar(50) NOT NULL,
  `comprobante` varchar(255) DEFAULT NULL,
  `productos` longtext CHARACTER SET utf8mb4 COLLATE utf8mb4_bin NOT NULL CHECK (json_valid(`productos`)),
  `total` decimal(12,2) NOT NULL,
  `moneda` varchar(10) DEFAULT 'COP',
  `estado` varchar(30) DEFAULT 'pendiente',
  `notas` text DEFAULT NULL,
  `created_at` timestamp NOT NULL DEFAULT current_timestamp()
) ENGINE=InnoDB DEFAULT CHARSET=utf8mb4 COLLATE=utf8mb4_general_ci;

-- --------------------------------------------------------

--
-- Estructura de tabla para la tabla `productos`
--

CREATE TABLE `productos` (
  `id` int(11) NOT NULL,
  `nombre` varchar(255) DEFAULT NULL,
  `precio` decimal(10,2) DEFAULT NULL,
  `precio_combo` decimal(10,2) DEFAULT NULL,
  `descripcion` text DEFAULT NULL,
  `categoria_id` int(11) DEFAULT NULL,
  `stock` int(11) NOT NULL DEFAULT 10,
  `imagen` varchar(255) DEFAULT NULL,
  `imagenes` longtext CHARACTER SET utf8mb4 COLLATE utf8mb4_bin DEFAULT NULL CHECK (json_valid(`imagenes`)),
  `tipo_producto` varchar(50) DEFAULT NULL,
  `created_at` timestamp NOT NULL DEFAULT current_timestamp(),
  `vendidos` int(11) NOT NULL DEFAULT 0
) ENGINE=InnoDB DEFAULT CHARSET=utf8mb4 COLLATE=utf8mb4_general_ci;

--
-- Volcado de datos para la tabla `productos`
--

INSERT INTO `productos` (`id`, `nombre`, `precio`, `precio_combo`, `descripcion`, `categoria_id`, `stock`, `imagen`, `imagenes`, `tipo_producto`, `created_at`, `vendidos`) VALUES
(1, 'Hamburguesa Nicaragua', 11000.00, 12000.00, '* Pan brioche,\r\n* Carne artesanal,\r\n* Vegetales,\r\n* Queso,\r\n* Salsa,', 7, 0, 'uploads/productos/1782356337432-nicaragua.png', '[\"uploads/productos/1782356337432-nicaragua.png\"]', NULL, '2026-06-24 16:11:34', 0),
(2, 'Hamburguesa Texas', 15000.00, 23000.00, 'pan', 7, 0, 'uploads/productos/1782356383793-texas.png', '[\"uploads/productos/1782356383793-texas.png\"]', NULL, '2026-06-25 02:59:43', 0),
(3, 'Hamburguesa Texas', 17000.00, 18000.00, 'fff', 7, 0, 'uploads/productos/1782356828685-Quatro3L.png', '[\"uploads/productos/1782356828685-Quatro3L.png\"]', NULL, '2026-06-25 03:07:08', 0),
(4, 'Hamburguesa Texas', 17000.00, 25000.00, 'f', 7, 0, 'uploads/productos/1782356841085-aguila-light.png', '[\"uploads/productos/1782356841085-aguila-light.png\"]', NULL, '2026-06-25 03:07:21', 0),
(5, 'Aguardiente Tapa Amarilla', 105000.00, NULL, 'p', 10, 0, 'uploads/productos/1782420819396-coca-cola330lata.png', '[\"uploads/productos/1782420819396-coca-cola330lata.png\"]', NULL, '2026-06-25 20:53:39', 0);

-- --------------------------------------------------------

--
-- Estructura de tabla para la tabla `productos_backup`
--

CREATE TABLE `productos_backup` (
  `id` int(11) NOT NULL DEFAULT 0,
  `nombre` varchar(100) NOT NULL,
  `precio` decimal(10,2) DEFAULT NULL,
  `imagen` varchar(255) DEFAULT NULL,
  `categoria_id` int(11) DEFAULT NULL,
  `descripcion` text DEFAULT NULL,
  `marca` varchar(100) DEFAULT NULL,
  `stock` int(11) DEFAULT NULL,
  `sku` varchar(100) DEFAULT NULL,
  `tallas` text DEFAULT NULL,
  `imagenes` text DEFAULT NULL,
  `usa_tallas` tinyint(4) DEFAULT 1,
  `tipo_talla` varchar(50) DEFAULT NULL,
  `usa_colores` tinyint(4) DEFAULT 1,
  `colores` text DEFAULT NULL,
  `tipo_producto` varchar(30) DEFAULT 'normal',
  `created_at` timestamp NOT NULL DEFAULT current_timestamp(),
  `video` varchar(255) DEFAULT NULL,
  `variantes` longtext CHARACTER SET utf8mb4 COLLATE utf8mb4_bin DEFAULT NULL CHECK (json_valid(`variantes`))
) ENGINE=InnoDB DEFAULT CHARSET=utf8mb4 COLLATE=utf8mb4_general_ci;

--
-- Volcado de datos para la tabla `productos_backup`
--

INSERT INTO `productos_backup` (`id`, `nombre`, `precio`, `imagen`, `categoria_id`, `descripcion`, `marca`, `stock`, `sku`, `tallas`, `imagenes`, `usa_tallas`, `tipo_talla`, `usa_colores`, `colores`, `tipo_producto`, `created_at`, `video`, `variantes`) VALUES
(22, 'Hamburguesa Nicaragua', 11.00, 'uploads/productos/1782272159643-nicaragua.png', 7, 'Pan brioche\r\n\r\nCarne artesanal\r\n\r\nVegetales\r\n\r\nQueso\r\n\r\nSalsa', '', NULL, NULL, NULL, '[\"uploads/productos/1782272159643-nicaragua.png\"]', 1, NULL, 1, NULL, 'normal', '2026-06-24 03:35:59', NULL, '[{\"tallas\":[],\"colores\":[],\"stock\":3}]'),
(23, 'Hamburguesa Bahamas', 17.50, 'uploads/productos/1782272347698-bahamas.png', 7, 'Pan brioche\r\n\r\nCarne artesanal\r\n\r\nVegetales\r\n\r\nQueso cheddar\r\n\r\nPlátano\r\n\r\nTocineta\r\n\r\nPapa chip\r\n\r\nSalsa', '', NULL, NULL, NULL, '[\"uploads/productos/1782272347698-bahamas.png\"]', 1, NULL, 1, NULL, 'normal', '2026-06-24 03:39:07', NULL, '[{\"tallas\":[],\"colores\":[],\"stock\":3}]'),
(24, 'Hamburguesa Texas', 20.00, 'uploads/productos/1782272415818-texas.png', 7, 'Pan brioche\r\n\r\nCarne artesanal\r\n\r\nQueso cheddar\r\n\r\nVegetales\r\n\r\nChorizo\r\n\r\nChicharrón\r\n\r\nTocineta\r\n\r\nPapa chip\r\n\r\nSalsa', '', NULL, NULL, NULL, '[\"uploads/productos/1782272415818-texas.png\"]', 1, NULL, 1, NULL, 'normal', '2026-06-24 03:40:15', NULL, '[{\"tallas\":[],\"colores\":[],\"stock\":3}]'),
(25, 'Hamburguesa Marruecos', 21.00, 'uploads/productos/1782273246085-marruecos.png', 7, 'Pan brioche\r\n\r\nCarne artesanal\r\n\r\nQueso cheddar\r\n\r\nVegetales\r\n\r\nMaíz tierno\r\n\r\nHuevo de codorniz\r\n\r\nCarne desmechada\r\n\r\nChorizo\r\n\r\nSalsa\r\n\r\nPapa chip', '', NULL, NULL, NULL, '[\"uploads/productos/1782273246085-marruecos.png\"]', 1, NULL, 1, NULL, 'normal', '2026-06-24 03:54:06', NULL, '[{\"tallas\":[],\"colores\":[],\"stock\":10}]'),
(26, 'Perro Caliente Brazil', 10.50, 'uploads/productos/1782273333174-brazil.png', 6, '* Pan brioche,\r\n\r\n* Salchicha americana,\r\n\r\n* Cebolla,\r\n\r\n* Queso,\r\n\r\n* Papa chip,\r\n\r\n* Salsa,\r\n\r\n* Huevo de codorniz,', '', NULL, NULL, NULL, '[\"uploads/productos/1782273333174-brazil.png\"]', 1, NULL, 1, NULL, 'normal', '2026-06-24 03:55:33', NULL, '[{\"tallas\":[],\"colores\":[],\"stock\":10}]'),
(27, 'Perro Caliente Colombia', 12.00, 'uploads/productos/1782273474289-Colombia.png', 6, 'Pan brioche,\r\n\r\nSalchicha americana,\r\n\r\nCebolla,\r\n\r\nQueso,\r\n\r\n* Papa chip,\r\n\r\n* Salsa,\r\n\r\n* Huevo de codorniz,\r\n\r\n* Maíz desgranado,\r\n\r\n* Carne desmechada,\r\n\r\n* Pollo desmechado,', '', NULL, NULL, NULL, '[\"uploads/productos/1782273474289-Colombia.png\"]', 1, NULL, 1, NULL, 'normal', '2026-06-24 03:57:54', NULL, '[{\"tallas\":[],\"colores\":[],\"stock\":10}]'),
(28, 'Perro Caliente Monaco', 14.00, 'uploads/productos/1782273753134-monaco.png', 6, '* Pan brioche,\r\n\r\n* Salchicha americana,\r\n\r\n* Queso costeño,\r\n\r\n* Piña en trozos,\r\n\r\n* Tocineta,\r\n\r\n* Papa chip,\r\n\r\n* Salsa,\r\n\r\n* Huevo de codorniz,', '', NULL, NULL, NULL, '[\"uploads/productos/1782273753134-monaco.png\"]', 1, NULL, 1, NULL, 'normal', '2026-06-24 04:02:33', NULL, '[{\"tallas\":[],\"colores\":[],\"stock\":10}]');

-- --------------------------------------------------------

--
-- Estructura de tabla para la tabla `publicidad_eventos`
--

CREATE TABLE `publicidad_eventos` (
  `id` int(11) NOT NULL,
  `titulo` varchar(150) NOT NULL,
  `descripcion` text NOT NULL,
  `imagen` varchar(255) NOT NULL,
  `tipo` enum('publicidad','evento','promocion') DEFAULT 'publicidad',
  `enlace` varchar(255) DEFAULT NULL,
  `whatsapp` varchar(30) DEFAULT NULL,
  `fecha_inicio` date DEFAULT NULL,
  `fecha_fin` date DEFAULT NULL,
  `estado` enum('activo','inactivo') DEFAULT 'activo',
  `created_at` timestamp NOT NULL DEFAULT current_timestamp()
) ENGINE=InnoDB DEFAULT CHARSET=utf8mb4 COLLATE=utf8mb4_general_ci;

--
-- Volcado de datos para la tabla `publicidad_eventos`
--

INSERT INTO `publicidad_eventos` (`id`, `titulo`, `descripcion`, `imagen`, `tipo`, `enlace`, `whatsapp`, `fecha_inicio`, `fecha_fin`, `estado`, `created_at`) VALUES
(1, 'Chivas', 'Gran paseo en ibague', 'uploads/publicidad/publicidad-1780540476245-522296555.jpg', 'publicidad', 'https://facebook.com', '3233404121', '2026-06-07', '2026-07-07', 'activo', '2026-06-04 02:34:36');

-- --------------------------------------------------------

--
-- Estructura de tabla para la tabla `reservas_evento`
--

CREATE TABLE `reservas_evento` (
  `id` int(11) NOT NULL,
  `nombre` varchar(150) NOT NULL,
  `cedula` varchar(50) NOT NULL,
  `cantidad_cupos` int(11) NOT NULL,
  `valor_cupo` decimal(12,2) NOT NULL DEFAULT 25000.00,
  `total` decimal(12,2) NOT NULL,
  `evento` varchar(180) DEFAULT 'Noche de Rumba - Festival Folclórico Colombiano 2026',
  `estado` enum('pendiente','confirmado','cancelado') DEFAULT 'pendiente',
  `created_at` timestamp NOT NULL DEFAULT current_timestamp()
) ENGINE=InnoDB DEFAULT CHARSET=utf8mb4 COLLATE=utf8mb4_general_ci;

--
-- Volcado de datos para la tabla `reservas_evento`
--

INSERT INTO `reservas_evento` (`id`, `nombre`, `cedula`, `cantidad_cupos`, `valor_cupo`, `total`, `evento`, `estado`, `created_at`) VALUES
(1, 'Ernesto Parra', '23882107', 2, 25000.00, 50000.00, 'Noche de Rumba - Festival Folclórico Colombiano 2026', 'pendiente', '2026-06-05 05:45:54');

-- --------------------------------------------------------

--
-- Estructura de tabla para la tabla `visitas_pagina`
--

CREATE TABLE `visitas_pagina` (
  `id` int(11) NOT NULL,
  `ruta` varchar(255) DEFAULT NULL,
  `ip` varchar(100) DEFAULT NULL,
  `user_agent` text DEFAULT NULL,
  `created_at` timestamp NOT NULL DEFAULT current_timestamp()
) ENGINE=InnoDB DEFAULT CHARSET=utf8mb4 COLLATE=utf8mb4_general_ci;

--
-- Volcado de datos para la tabla `visitas_pagina`
--

INSERT INTO `visitas_pagina` (`id`, `ruta`, `ip`, `user_agent`, `created_at`) VALUES
(1, '/index.html', '::1', 'Mozilla/5.0 (Windows NT 10.0; Win64; x64) AppleWebKit/537.36 (KHTML, like Gecko) Chrome/149.0.0.0 Safari/537.36 Edg/149.0.0.0', '2026-06-24 16:09:16'),
(2, '/index.html', '::1', 'Mozilla/5.0 (Windows NT 10.0; Win64; x64) AppleWebKit/537.36 (KHTML, like Gecko) Chrome/149.0.0.0 Safari/537.36 Edg/149.0.0.0', '2026-06-24 16:10:07'),
(3, '/index.html', '::1', 'Mozilla/5.0 (Windows NT 10.0; Win64; x64) AppleWebKit/537.36 (KHTML, like Gecko) Chrome/149.0.0.0 Safari/537.36 Edg/149.0.0.0', '2026-06-24 16:10:18'),
(4, '/index.html', '::1', 'Mozilla/5.0 (Windows NT 10.0; Win64; x64) AppleWebKit/537.36 (KHTML, like Gecko) Chrome/149.0.0.0 Safari/537.36 Edg/149.0.0.0', '2026-06-24 16:10:20'),
(5, '/index.html', '::1', 'Mozilla/5.0 (Windows NT 10.0; Win64; x64) AppleWebKit/537.36 (KHTML, like Gecko) Chrome/149.0.0.0 Safari/537.36 Edg/149.0.0.0', '2026-06-24 16:10:22'),
(6, '/index.html', '::1', 'Mozilla/5.0 (Windows NT 10.0; Win64; x64) AppleWebKit/537.36 (KHTML, like Gecko) Chrome/149.0.0.0 Safari/537.36 Edg/149.0.0.0', '2026-06-24 16:10:29'),
(7, '/index.html', '::1', 'Mozilla/5.0 (Windows NT 10.0; Win64; x64) AppleWebKit/537.36 (KHTML, like Gecko) Chrome/149.0.0.0 Safari/537.36 Edg/149.0.0.0', '2026-06-24 16:10:33'),
(8, '/index.html', '::1', 'Mozilla/5.0 (Windows NT 10.0; Win64; x64) AppleWebKit/537.36 (KHTML, like Gecko) Chrome/149.0.0.0 Safari/537.36 Edg/149.0.0.0', '2026-06-24 16:10:35'),
(9, '/index.html', '::1', 'Mozilla/5.0 (Windows NT 10.0; Win64; x64) AppleWebKit/537.36 (KHTML, like Gecko) Chrome/149.0.0.0 Safari/537.36 Edg/149.0.0.0', '2026-06-24 16:10:39'),
(10, '/index.html', '::1', 'Mozilla/5.0 (Windows NT 10.0; Win64; x64) AppleWebKit/537.36 (KHTML, like Gecko) Chrome/149.0.0.0 Safari/537.36 Edg/149.0.0.0', '2026-06-24 16:10:40'),
(11, '/index.html', '::1', 'Mozilla/5.0 (Windows NT 10.0; Win64; x64) AppleWebKit/537.36 (KHTML, like Gecko) Chrome/149.0.0.0 Safari/537.36 Edg/149.0.0.0', '2026-06-24 16:17:39'),
(12, '/producto.html', '::1', 'Mozilla/5.0 (Linux; Android 15; Pixel 9) AppleWebKit/537.36 (KHTML, like Gecko) Chrome/149.0.0.0 Mobile Safari/537.36', '2026-06-24 16:22:54'),
(13, '/index.html', '::1', 'Mozilla/5.0 (Linux; Android 15; Pixel 9) AppleWebKit/537.36 (KHTML, like Gecko) Chrome/149.0.0.0 Mobile Safari/537.36', '2026-06-24 16:58:08'),
(14, '/producto.html', '::1', 'Mozilla/5.0 (Linux; Android 15; Pixel 9) AppleWebKit/537.36 (KHTML, like Gecko) Chrome/149.0.0.0 Mobile Safari/537.36', '2026-06-24 17:01:36'),
(15, '/producto.html', '::1', 'Mozilla/5.0 (Windows NT 10.0; Win64; x64) AppleWebKit/537.36 (KHTML, like Gecko) Chrome/149.0.0.0 Safari/537.36 Edg/149.0.0.0', '2026-06-24 17:01:45'),
(16, '/producto.html', '::1', 'Mozilla/5.0 (Windows NT 10.0; Win64; x64) AppleWebKit/537.36 (KHTML, like Gecko) Chrome/149.0.0.0 Safari/537.36 Edg/149.0.0.0', '2026-06-24 17:02:35'),
(17, '/producto.html', '::1', 'Mozilla/5.0 (Windows NT 10.0; Win64; x64) AppleWebKit/537.36 (KHTML, like Gecko) Chrome/149.0.0.0 Safari/537.36 Edg/149.0.0.0', '2026-06-24 17:02:42'),
(18, '/producto.html', '::1', 'Mozilla/5.0 (Windows NT 10.0; Win64; x64) AppleWebKit/537.36 (KHTML, like Gecko) Chrome/149.0.0.0 Safari/537.36 Edg/149.0.0.0', '2026-06-24 17:02:49'),
(19, '/producto.html', '::1', 'Mozilla/5.0 (Windows NT 10.0; Win64; x64) AppleWebKit/537.36 (KHTML, like Gecko) Chrome/149.0.0.0 Safari/537.36 Edg/149.0.0.0', '2026-06-24 17:02:57'),
(20, '/producto.html', '::1', 'Mozilla/5.0 (Windows NT 10.0; Win64; x64) AppleWebKit/537.36 (KHTML, like Gecko) Chrome/149.0.0.0 Safari/537.36 Edg/149.0.0.0', '2026-06-24 17:02:59'),
(21, '/producto.html', '::1', 'Mozilla/5.0 (Windows NT 10.0; Win64; x64) AppleWebKit/537.36 (KHTML, like Gecko) Chrome/149.0.0.0 Safari/537.36 Edg/149.0.0.0', '2026-06-24 17:03:01'),
(22, '/producto.html', '::1', 'Mozilla/5.0 (Windows NT 10.0; Win64; x64) AppleWebKit/537.36 (KHTML, like Gecko) Chrome/149.0.0.0 Safari/537.36 Edg/149.0.0.0', '2026-06-24 17:03:03'),
(23, '/producto.html', '::1', 'Mozilla/5.0 (Windows NT 10.0; Win64; x64) AppleWebKit/537.36 (KHTML, like Gecko) Chrome/149.0.0.0 Safari/537.36 Edg/149.0.0.0', '2026-06-24 17:03:12'),
(24, '/producto.html', '::1', 'Mozilla/5.0 (Windows NT 10.0; Win64; x64) AppleWebKit/537.36 (KHTML, like Gecko) Chrome/149.0.0.0 Safari/537.36 Edg/149.0.0.0', '2026-06-24 17:03:29'),
(25, '/producto.html', '::1', 'Mozilla/5.0 (Windows NT 10.0; Win64; x64) AppleWebKit/537.36 (KHTML, like Gecko) Chrome/149.0.0.0 Safari/537.36 Edg/149.0.0.0', '2026-06-24 17:03:31'),
(26, '/producto.html', '::1', 'Mozilla/5.0 (Windows NT 10.0; Win64; x64) AppleWebKit/537.36 (KHTML, like Gecko) Chrome/149.0.0.0 Safari/537.36 Edg/149.0.0.0', '2026-06-24 17:03:39'),
(27, '/producto.html', '::1', 'Mozilla/5.0 (Windows NT 10.0; Win64; x64) AppleWebKit/537.36 (KHTML, like Gecko) Chrome/149.0.0.0 Safari/537.36 Edg/149.0.0.0', '2026-06-24 17:03:51'),
(28, '/producto.html', '::1', 'Mozilla/5.0 (Windows NT 10.0; Win64; x64) AppleWebKit/537.36 (KHTML, like Gecko) Chrome/149.0.0.0 Safari/537.36 Edg/149.0.0.0', '2026-06-24 17:03:53'),
(29, '/producto.html', '::1', 'Mozilla/5.0 (Windows NT 10.0; Win64; x64) AppleWebKit/537.36 (KHTML, like Gecko) Chrome/149.0.0.0 Safari/537.36 Edg/149.0.0.0', '2026-06-24 17:03:55'),
(30, '/producto.html', '::1', 'Mozilla/5.0 (Windows NT 10.0; Win64; x64) AppleWebKit/537.36 (KHTML, like Gecko) Chrome/149.0.0.0 Safari/537.36 Edg/149.0.0.0', '2026-06-24 17:04:14'),
(31, '/producto.html', '::1', 'Mozilla/5.0 (Windows NT 10.0; Win64; x64) AppleWebKit/537.36 (KHTML, like Gecko) Chrome/149.0.0.0 Safari/537.36 Edg/149.0.0.0', '2026-06-24 17:04:29'),
(32, '/producto.html', '::1', 'Mozilla/5.0 (Windows NT 10.0; Win64; x64) AppleWebKit/537.36 (KHTML, like Gecko) Chrome/149.0.0.0 Safari/537.36 Edg/149.0.0.0', '2026-06-24 17:04:50'),
(33, '/producto.html', '::1', 'Mozilla/5.0 (Linux; Android 15; Pixel 9) AppleWebKit/537.36 (KHTML, like Gecko) Chrome/149.0.0.0 Mobile Safari/537.36', '2026-06-24 17:05:17'),
(34, '/index.html', '::1', 'Mozilla/5.0 (Windows NT 10.0; Win64; x64) AppleWebKit/537.36 (KHTML, like Gecko) Chrome/149.0.0.0 Safari/537.36 Edg/149.0.0.0', '2026-06-24 17:05:51'),
(35, '/', '::1', 'Mozilla/5.0 (Windows NT 10.0; Win64; x64) AppleWebKit/537.36 (KHTML, like Gecko) Chrome/149.0.0.0 Safari/537.36 Edg/149.0.0.0', '2026-06-24 17:06:52'),
(36, '/index.html', '::1', 'Mozilla/5.0 (Linux; Android 15; Pixel 9) AppleWebKit/537.36 (KHTML, like Gecko) Chrome/149.0.0.0 Mobile Safari/537.36', '2026-06-24 17:10:30'),
(37, '/index.html', '::1', 'Mozilla/5.0 (Windows NT 10.0; Win64; x64) AppleWebKit/537.36 (KHTML, like Gecko) Chrome/149.0.0.0 Safari/537.36 Edg/149.0.0.0', '2026-06-24 17:29:58'),
(38, '/index.html', '::1', 'Mozilla/5.0 (Windows NT 10.0; Win64; x64) AppleWebKit/537.36 (KHTML, like Gecko) Chrome/149.0.0.0 Safari/537.36 Edg/149.0.0.0', '2026-06-24 17:30:52'),
(39, '/producto.html', '::1', 'Mozilla/5.0 (Windows NT 10.0; Win64; x64) AppleWebKit/537.36 (KHTML, like Gecko) Chrome/149.0.0.0 Safari/537.36 Edg/149.0.0.0', '2026-06-24 17:30:54'),
(40, '/index.html', '::1', 'Mozilla/5.0 (Windows NT 10.0; Win64; x64) AppleWebKit/537.36 (KHTML, like Gecko) Chrome/149.0.0.0 Safari/537.36 Edg/149.0.0.0', '2026-06-24 17:33:31'),
(41, '/producto.html', '::1', 'Mozilla/5.0 (Windows NT 10.0; Win64; x64) AppleWebKit/537.36 (KHTML, like Gecko) Chrome/149.0.0.0 Safari/537.36 Edg/149.0.0.0', '2026-06-24 17:33:33'),
(42, '/producto.html', '::1', 'Mozilla/5.0 (Linux; Android 15; Pixel 9) AppleWebKit/537.36 (KHTML, like Gecko) Chrome/149.0.0.0 Mobile Safari/537.36', '2026-06-24 17:44:25'),
(43, '/producto.html', '::1', 'Mozilla/5.0 (Linux; Android 15; Pixel 9) AppleWebKit/537.36 (KHTML, like Gecko) Chrome/149.0.0.0 Mobile Safari/537.36', '2026-06-24 17:44:51'),
(44, '/index.html', '::1', 'Mozilla/5.0 (Windows NT 10.0; Win64; x64) AppleWebKit/537.36 (KHTML, like Gecko) Chrome/149.0.0.0 Safari/537.36 Edg/149.0.0.0', '2026-06-24 17:45:14'),
(45, '/', '::1', 'Mozilla/5.0 (Windows NT 10.0; Win64; x64) AppleWebKit/537.36 (KHTML, like Gecko) Chrome/149.0.0.0 Safari/537.36 Edg/149.0.0.0', '2026-06-24 17:47:00'),
(46, '/index.html', '::1', 'Mozilla/5.0 (Windows NT 10.0; Win64; x64) AppleWebKit/537.36 (KHTML, like Gecko) Chrome/149.0.0.0 Safari/537.36 Edg/149.0.0.0', '2026-06-25 01:17:23'),
(47, '/index.html', '::1', 'Mozilla/5.0 (Linux; Android 15; Pixel 9) AppleWebKit/537.36 (KHTML, like Gecko) Chrome/149.0.0.0 Mobile Safari/537.36', '2026-06-25 01:18:09'),
(48, '/producto.html', '::1', 'Mozilla/5.0 (Linux; Android 15; Pixel 9) AppleWebKit/537.36 (KHTML, like Gecko) Chrome/149.0.0.0 Mobile Safari/537.36', '2026-06-25 01:18:11'),
(49, '/catalogo.html', '::1', 'Mozilla/5.0 (Windows NT 10.0; Win64; x64) AppleWebKit/537.36 (KHTML, like Gecko) Chrome/149.0.0.0 Safari/537.36 Edg/149.0.0.0', '2026-06-25 01:18:35'),
(50, '/catalogo.html', '::1', 'Mozilla/5.0 (Windows NT 10.0; Win64; x64) AppleWebKit/537.36 (KHTML, like Gecko) Chrome/149.0.0.0 Safari/537.36 Edg/149.0.0.0', '2026-06-25 01:18:59'),
(51, '/catalogo.html', '::1', 'Mozilla/5.0 (Windows NT 10.0; Win64; x64) AppleWebKit/537.36 (KHTML, like Gecko) Chrome/149.0.0.0 Safari/537.36 Edg/149.0.0.0', '2026-06-25 01:19:21'),
(52, '/catalogo.html', '::1', 'Mozilla/5.0 (Linux; Android 15; Pixel 9) AppleWebKit/537.36 (KHTML, like Gecko) Chrome/149.0.0.0 Mobile Safari/537.36', '2026-06-25 01:23:39'),
(53, '/catalogo.html', '::1', 'Mozilla/5.0 (Linux; Android 15; Pixel 9) AppleWebKit/537.36 (KHTML, like Gecko) Chrome/149.0.0.0 Mobile Safari/537.36', '2026-06-25 01:23:41'),
(54, '/index.html', '::1', 'Mozilla/5.0 (Linux; Android 15; Pixel 9) AppleWebKit/537.36 (KHTML, like Gecko) Chrome/149.0.0.0 Mobile Safari/537.36', '2026-06-25 01:23:43'),
(55, '/producto.html', '::1', 'Mozilla/5.0 (Linux; Android 15; Pixel 9) AppleWebKit/537.36 (KHTML, like Gecko) Chrome/149.0.0.0 Mobile Safari/537.36', '2026-06-25 01:23:50'),
(56, '/index.html', '::1', 'Mozilla/5.0 (Linux; Android 15; Pixel 9) AppleWebKit/537.36 (KHTML, like Gecko) Chrome/149.0.0.0 Mobile Safari/537.36', '2026-06-25 01:23:57'),
(57, '/index.html', '::1', 'Mozilla/5.0 (Linux; Android 15; Pixel 9) AppleWebKit/537.36 (KHTML, like Gecko) Chrome/149.0.0.0 Mobile Safari/537.36', '2026-06-25 01:25:40'),
(58, '/index.html', '::1', 'Mozilla/5.0 (Linux; Android 15; Pixel 9) AppleWebKit/537.36 (KHTML, like Gecko) Chrome/149.0.0.0 Mobile Safari/537.36', '2026-06-25 01:27:59'),
(59, '/index.html', '::1', 'Mozilla/5.0 (Linux; Android 15; Pixel 9) AppleWebKit/537.36 (KHTML, like Gecko) Chrome/149.0.0.0 Mobile Safari/537.36', '2026-06-25 01:57:39'),
(60, '/index.html', '::1', 'Mozilla/5.0 (Linux; Android 15; Pixel 9) AppleWebKit/537.36 (KHTML, like Gecko) Chrome/149.0.0.0 Mobile Safari/537.36', '2026-06-25 01:57:49'),
(61, '/index.html', '::1', 'Mozilla/5.0 (Linux; Android 15; Pixel 9) AppleWebKit/537.36 (KHTML, like Gecko) Chrome/149.0.0.0 Mobile Safari/537.36', '2026-06-25 02:00:09'),
(62, '/index.html', '::1', 'Mozilla/5.0 (Linux; Android 15; Pixel 9) AppleWebKit/537.36 (KHTML, like Gecko) Chrome/149.0.0.0 Mobile Safari/537.36', '2026-06-25 02:00:10'),
(63, '/index.html', '::1', 'Mozilla/5.0 (Linux; Android 15; Pixel 9) AppleWebKit/537.36 (KHTML, like Gecko) Chrome/149.0.0.0 Mobile Safari/537.36', '2026-06-25 02:00:14'),
(64, '/index.html', '::1', 'Mozilla/5.0 (Linux; Android 15; Pixel 9) AppleWebKit/537.36 (KHTML, like Gecko) Chrome/149.0.0.0 Mobile Safari/537.36', '2026-06-25 02:00:17'),
(65, '/index.html', '::1', 'Mozilla/5.0 (Linux; Android 15; Pixel 9) AppleWebKit/537.36 (KHTML, like Gecko) Chrome/149.0.0.0 Mobile Safari/537.36', '2026-06-25 02:00:24'),
(66, '/index.html', '::1', 'Mozilla/5.0 (Linux; Android 15; Pixel 9) AppleWebKit/537.36 (KHTML, like Gecko) Chrome/149.0.0.0 Mobile Safari/537.36', '2026-06-25 02:00:53'),
(67, '/index.html', '::1', 'Mozilla/5.0 (Linux; Android 15; Pixel 9) AppleWebKit/537.36 (KHTML, like Gecko) Chrome/149.0.0.0 Mobile Safari/537.36', '2026-06-25 02:00:59'),
(68, '/index.html', '::1', 'Mozilla/5.0 (Linux; Android 15; Pixel 9) AppleWebKit/537.36 (KHTML, like Gecko) Chrome/149.0.0.0 Mobile Safari/537.36', '2026-06-25 02:01:27'),
(69, '/index.html', '::1', 'Mozilla/5.0 (Linux; Android 15; Pixel 9) AppleWebKit/537.36 (KHTML, like Gecko) Chrome/149.0.0.0 Mobile Safari/537.36', '2026-06-25 02:01:29'),
(70, '/index.html', '::1', 'Mozilla/5.0 (Linux; Android 15; Pixel 9) AppleWebKit/537.36 (KHTML, like Gecko) Chrome/149.0.0.0 Mobile Safari/537.36', '2026-06-25 02:01:33'),
(71, '/index.html', '::1', 'Mozilla/5.0 (Linux; Android 15; Pixel 9) AppleWebKit/537.36 (KHTML, like Gecko) Chrome/149.0.0.0 Mobile Safari/537.36', '2026-06-25 02:01:35'),
(72, '/index.html', '::1', 'Mozilla/5.0 (Linux; Android 15; Pixel 9) AppleWebKit/537.36 (KHTML, like Gecko) Chrome/149.0.0.0 Mobile Safari/537.36', '2026-06-25 02:01:37'),
(73, '/index.html', '::1', 'Mozilla/5.0 (Linux; Android 15; Pixel 9) AppleWebKit/537.36 (KHTML, like Gecko) Chrome/149.0.0.0 Mobile Safari/537.36', '2026-06-25 02:01:51'),
(74, '/index.html', '::1', 'Mozilla/5.0 (Linux; Android 15; Pixel 9) AppleWebKit/537.36 (KHTML, like Gecko) Chrome/149.0.0.0 Mobile Safari/537.36', '2026-06-25 02:01:58'),
(75, '/index.html', '::1', 'Mozilla/5.0 (Linux; Android 15; Pixel 9) AppleWebKit/537.36 (KHTML, like Gecko) Chrome/149.0.0.0 Mobile Safari/537.36', '2026-06-25 02:02:36'),
(76, '/index.html', '::1', 'Mozilla/5.0 (Linux; Android 15; Pixel 9) AppleWebKit/537.36 (KHTML, like Gecko) Chrome/149.0.0.0 Mobile Safari/537.36', '2026-06-25 02:02:38'),
(77, '/index.html', '::1', 'Mozilla/5.0 (Linux; Android 15; Pixel 9) AppleWebKit/537.36 (KHTML, like Gecko) Chrome/149.0.0.0 Mobile Safari/537.36', '2026-06-25 02:12:31'),
(78, '/index.html', '::1', 'Mozilla/5.0 (Linux; Android 15; Pixel 9) AppleWebKit/537.36 (KHTML, like Gecko) Chrome/149.0.0.0 Mobile Safari/537.36', '2026-06-25 02:13:39'),
(79, '/index.html', '::1', 'Mozilla/5.0 (Linux; Android 15; Pixel 9) AppleWebKit/537.36 (KHTML, like Gecko) Chrome/149.0.0.0 Mobile Safari/537.36', '2026-06-25 02:47:48'),
(80, '/index.html', '::1', 'Mozilla/5.0 (Linux; Android 15; Pixel 9) AppleWebKit/537.36 (KHTML, like Gecko) Chrome/149.0.0.0 Mobile Safari/537.36', '2026-06-25 02:47:48'),
(81, '/index.html', '::1', 'Mozilla/5.0 (Linux; Android 15; Pixel 9) AppleWebKit/537.36 (KHTML, like Gecko) Chrome/149.0.0.0 Mobile Safari/537.36', '2026-06-25 02:59:49'),
(82, '/index.html', '::1', 'Mozilla/5.0 (Linux; Android 15; Pixel 9) AppleWebKit/537.36 (KHTML, like Gecko) Chrome/149.0.0.0 Mobile Safari/537.36', '2026-06-25 03:05:12'),
(83, '/index.html', '::1', 'Mozilla/5.0 (Windows NT 10.0; Win64; x64) AppleWebKit/537.36 (KHTML, like Gecko) Chrome/149.0.0.0 Safari/537.36 Edg/149.0.0.0', '2026-06-25 03:07:29'),
(84, '/producto.html', '::1', 'Mozilla/5.0 (Linux; Android 15; Pixel 9) AppleWebKit/537.36 (KHTML, like Gecko) Chrome/149.0.0.0 Mobile Safari/537.36', '2026-06-25 03:08:28'),
(85, '/index.html', '::1', 'Mozilla/5.0 (Linux; Android 15; Pixel 9) AppleWebKit/537.36 (KHTML, like Gecko) Chrome/149.0.0.0 Mobile Safari/537.36', '2026-06-25 03:15:27'),
(86, '/index.html', '::1', 'Mozilla/5.0 (Linux; Android 15; Pixel 9) AppleWebKit/537.36 (KHTML, like Gecko) Chrome/149.0.0.0 Mobile Safari/537.36', '2026-06-25 03:15:32'),
(87, '/index.html', '::1', 'Mozilla/5.0 (Linux; Android 15; Pixel 9) AppleWebKit/537.36 (KHTML, like Gecko) Chrome/149.0.0.0 Mobile Safari/537.36', '2026-06-25 03:20:13'),
(88, '/index.html', '::1', 'Mozilla/5.0 (Linux; Android 15; Pixel 9) AppleWebKit/537.36 (KHTML, like Gecko) Chrome/149.0.0.0 Mobile Safari/537.36', '2026-06-25 03:27:18'),
(89, '/index.html', '::ffff:127.0.0.1', 'Mozilla/5.0 (Linux; Android 15; Pixel 9) AppleWebKit/537.36 (KHTML, like Gecko) Chrome/149.0.0.0 Mobile Safari/537.36', '2026-06-25 03:29:00'),
(90, '/index.html', '::1', 'Mozilla/5.0 (Linux; Android 15; Pixel 9) AppleWebKit/537.36 (KHTML, like Gecko) Chrome/149.0.0.0 Mobile Safari/537.36', '2026-06-25 03:34:30'),
(91, '/index.html', '::1', 'Mozilla/5.0 (Linux; Android 15; Pixel 9) AppleWebKit/537.36 (KHTML, like Gecko) Chrome/149.0.0.0 Mobile Safari/537.36', '2026-06-25 03:36:33'),
(92, '/index.html', '::1', 'Mozilla/5.0 (Linux; Android 15; Pixel 9) AppleWebKit/537.36 (KHTML, like Gecko) Chrome/149.0.0.0 Mobile Safari/537.36', '2026-06-25 03:38:25'),
(93, '/index.html', '::1', 'Mozilla/5.0 (Linux; Android 15; Pixel 9) AppleWebKit/537.36 (KHTML, like Gecko) Chrome/149.0.0.0 Mobile Safari/537.36', '2026-06-25 03:39:33'),
(94, '/index.html', '::1', 'Mozilla/5.0 (Linux; Android 15; Pixel 9) AppleWebKit/537.36 (KHTML, like Gecko) Chrome/149.0.0.0 Mobile Safari/537.36', '2026-06-25 03:40:10'),
(95, '/index.html', '::1', 'Mozilla/5.0 (Linux; Android 15; Pixel 9) AppleWebKit/537.36 (KHTML, like Gecko) Chrome/149.0.0.0 Mobile Safari/537.36', '2026-06-25 03:42:19'),
(96, '/index.html', '::1', 'Mozilla/5.0 (Linux; Android 15; Pixel 9) AppleWebKit/537.36 (KHTML, like Gecko) Chrome/149.0.0.0 Mobile Safari/537.36', '2026-06-25 03:43:18'),
(97, '/index.html', '::1', 'Mozilla/5.0 (Linux; Android 15; Pixel 9) AppleWebKit/537.36 (KHTML, like Gecko) Chrome/149.0.0.0 Mobile Safari/537.36', '2026-06-25 03:43:26'),
(98, '/index.html', '::1', 'Mozilla/5.0 (Linux; Android 15; Pixel 9) AppleWebKit/537.36 (KHTML, like Gecko) Chrome/149.0.0.0 Mobile Safari/537.36', '2026-06-25 03:45:13'),
(99, '/index.html', '::1', 'Mozilla/5.0 (Linux; Android 15; Pixel 9) AppleWebKit/537.36 (KHTML, like Gecko) Chrome/149.0.0.0 Mobile Safari/537.36', '2026-06-25 03:48:58'),
(100, '/index.html', '::1', 'Mozilla/5.0 (Linux; Android 15; Pixel 9) AppleWebKit/537.36 (KHTML, like Gecko) Chrome/149.0.0.0 Mobile Safari/537.36', '2026-06-25 03:49:23'),
(101, '/index.html', '::1', 'Mozilla/5.0 (Linux; Android 15; Pixel 9) AppleWebKit/537.36 (KHTML, like Gecko) Chrome/149.0.0.0 Mobile Safari/537.36', '2026-06-25 03:56:04'),
(102, '/index.html', '::1', 'Mozilla/5.0 (Linux; Android 15; Pixel 9) AppleWebKit/537.36 (KHTML, like Gecko) Chrome/149.0.0.0 Mobile Safari/537.36', '2026-06-25 03:57:23'),
(103, '/index.html', '::1', 'Mozilla/5.0 (Linux; Android 15; Pixel 9) AppleWebKit/537.36 (KHTML, like Gecko) Chrome/149.0.0.0 Mobile Safari/537.36', '2026-06-25 03:57:26'),
(104, '/index.html', '::1', 'Mozilla/5.0 (Windows NT 10.0; Win64; x64) AppleWebKit/537.36 (KHTML, like Gecko) Chrome/149.0.0.0 Safari/537.36 Edg/149.0.0.0', '2026-06-25 03:57:38'),
(105, '/index.html', '::1', 'Mozilla/5.0 (Linux; Android 15; Pixel 9) AppleWebKit/537.36 (KHTML, like Gecko) Chrome/149.0.0.0 Mobile Safari/537.36', '2026-06-25 04:00:39'),
(106, '/index.html', '::1', 'Mozilla/5.0 (Linux; Android 15; Pixel 9) AppleWebKit/537.36 (KHTML, like Gecko) Chrome/149.0.0.0 Mobile Safari/537.36', '2026-06-25 04:09:58'),
(107, '/index.html', '::1', 'Mozilla/5.0 (Linux; Android 15; Pixel 9) AppleWebKit/537.36 (KHTML, like Gecko) Chrome/149.0.0.0 Mobile Safari/537.36', '2026-06-25 04:11:41'),
(108, '/index.html', '::1', 'Mozilla/5.0 (Linux; Android 15; Pixel 9) AppleWebKit/537.36 (KHTML, like Gecko) Chrome/149.0.0.0 Mobile Safari/537.36', '2026-06-25 04:12:11'),
(109, '/index.html', '::1', 'Mozilla/5.0 (Linux; Android 15; Pixel 9) AppleWebKit/537.36 (KHTML, like Gecko) Chrome/149.0.0.0 Mobile Safari/537.36', '2026-06-25 04:13:02'),
(110, '/index.html', '::1', 'Mozilla/5.0 (Linux; Android 15; Pixel 9) AppleWebKit/537.36 (KHTML, like Gecko) Chrome/149.0.0.0 Mobile Safari/537.36', '2026-06-25 04:15:47'),
(111, '/index.html', '::1', 'Mozilla/5.0 (Linux; Android 15; Pixel 9) AppleWebKit/537.36 (KHTML, like Gecko) Chrome/149.0.0.0 Mobile Safari/537.36', '2026-06-25 04:15:56'),
(112, '/index.html', '::1', 'Mozilla/5.0 (Linux; Android 15; Pixel 9) AppleWebKit/537.36 (KHTML, like Gecko) Chrome/149.0.0.0 Mobile Safari/537.36', '2026-06-25 04:17:40'),
(113, '/index.html', '::1', 'Mozilla/5.0 (Linux; Android 15; Pixel 9) AppleWebKit/537.36 (KHTML, like Gecko) Chrome/149.0.0.0 Mobile Safari/537.36', '2026-06-25 04:22:13'),
(114, '/index.html', '::1', 'Mozilla/5.0 (Linux; Android 15; Pixel 9) AppleWebKit/537.36 (KHTML, like Gecko) Chrome/149.0.0.0 Mobile Safari/537.36', '2026-06-25 04:26:31'),
(115, '/producto.html', '::1', 'Mozilla/5.0 (Linux; Android 15; Pixel 9) AppleWebKit/537.36 (KHTML, like Gecko) Chrome/149.0.0.0 Mobile Safari/537.36', '2026-06-25 04:28:49'),
(116, '/producto.html', '::1', 'Mozilla/5.0 (Linux; Android 15; Pixel 9) AppleWebKit/537.36 (KHTML, like Gecko) Chrome/149.0.0.0 Mobile Safari/537.36', '2026-06-25 04:29:03'),
(117, '/producto.html', '::1', 'Mozilla/5.0 (Windows NT 10.0; Win64; x64) AppleWebKit/537.36 (KHTML, like Gecko) Chrome/149.0.0.0 Safari/537.36 Edg/149.0.0.0', '2026-06-25 04:29:12'),
(118, '/index.html', '::1', 'Mozilla/5.0 (Linux; Android 15; Pixel 9) AppleWebKit/537.36 (KHTML, like Gecko) Chrome/149.0.0.0 Mobile Safari/537.36', '2026-06-25 04:30:16'),
(119, '/index.html', '::1', 'Mozilla/5.0 (Linux; Android 15; Pixel 9) AppleWebKit/537.36 (KHTML, like Gecko) Chrome/149.0.0.0 Mobile Safari/537.36', '2026-06-25 04:31:48'),
(120, '/index.html', '::1', 'Mozilla/5.0 (Linux; Android 15; Pixel 9) AppleWebKit/537.36 (KHTML, like Gecko) Chrome/149.0.0.0 Mobile Safari/537.36', '2026-06-25 04:31:51'),
(121, '/index.html', '::1', 'Mozilla/5.0 (Linux; Android 15; Pixel 9) AppleWebKit/537.36 (KHTML, like Gecko) Chrome/149.0.0.0 Mobile Safari/537.36', '2026-06-25 04:31:57'),
(122, '/index.html', '::1', 'Mozilla/5.0 (Linux; Android 15; Pixel 9) AppleWebKit/537.36 (KHTML, like Gecko) Chrome/149.0.0.0 Mobile Safari/537.36', '2026-06-25 04:32:01'),
(123, '/index.html', '::1', 'Mozilla/5.0 (Linux; Android 15; Pixel 9) AppleWebKit/537.36 (KHTML, like Gecko) Chrome/149.0.0.0 Mobile Safari/537.36', '2026-06-25 04:32:17'),
(124, '/index.html', '::1', 'Mozilla/5.0 (Linux; Android 15; Pixel 9) AppleWebKit/537.36 (KHTML, like Gecko) Chrome/149.0.0.0 Mobile Safari/537.36', '2026-06-25 04:32:18'),
(125, '/index.html', '::1', 'Mozilla/5.0 (Linux; Android 15; Pixel 9) AppleWebKit/537.36 (KHTML, like Gecko) Chrome/149.0.0.0 Mobile Safari/537.36', '2026-06-25 04:32:19'),
(126, '/index.html', '::1', 'Mozilla/5.0 (Linux; Android 15; Pixel 9) AppleWebKit/537.36 (KHTML, like Gecko) Chrome/149.0.0.0 Mobile Safari/537.36', '2026-06-25 04:32:23'),
(127, '/index.html', '::1', 'Mozilla/5.0 (Linux; Android 15; Pixel 9) AppleWebKit/537.36 (KHTML, like Gecko) Chrome/149.0.0.0 Mobile Safari/537.36', '2026-06-25 04:32:47'),
(128, '/index.html', '::1', 'Mozilla/5.0 (Linux; Android 15; Pixel 9) AppleWebKit/537.36 (KHTML, like Gecko) Chrome/149.0.0.0 Mobile Safari/537.36', '2026-06-25 04:32:49'),
(129, '/index.html', '::1', 'Mozilla/5.0 (Linux; Android 15; Pixel 9) AppleWebKit/537.36 (KHTML, like Gecko) Chrome/149.0.0.0 Mobile Safari/537.36', '2026-06-25 04:32:53'),
(130, '/index.html', '::1', 'Mozilla/5.0 (Linux; Android 15; Pixel 9) AppleWebKit/537.36 (KHTML, like Gecko) Chrome/149.0.0.0 Mobile Safari/537.36', '2026-06-25 04:33:00'),
(131, '/index.html', '::1', 'Mozilla/5.0 (Linux; Android 15; Pixel 9) AppleWebKit/537.36 (KHTML, like Gecko) Chrome/149.0.0.0 Mobile Safari/537.36', '2026-06-25 04:33:03'),
(132, '/index.html', '::1', 'Mozilla/5.0 (Linux; Android 15; Pixel 9) AppleWebKit/537.36 (KHTML, like Gecko) Chrome/149.0.0.0 Mobile Safari/537.36', '2026-06-25 04:33:15'),
(133, '/index.html', '::1', 'Mozilla/5.0 (Linux; Android 15; Pixel 9) AppleWebKit/537.36 (KHTML, like Gecko) Chrome/149.0.0.0 Mobile Safari/537.36', '2026-06-25 04:33:16'),
(134, '/index.html', '::1', 'Mozilla/5.0 (Linux; Android 15; Pixel 9) AppleWebKit/537.36 (KHTML, like Gecko) Chrome/149.0.0.0 Mobile Safari/537.36', '2026-06-25 04:33:18'),
(135, '/index.html', '::1', 'Mozilla/5.0 (Linux; Android 15; Pixel 9) AppleWebKit/537.36 (KHTML, like Gecko) Chrome/149.0.0.0 Mobile Safari/537.36', '2026-06-25 04:33:28'),
(136, '/index.html', '::1', 'Mozilla/5.0 (Linux; Android 15; Pixel 9) AppleWebKit/537.36 (KHTML, like Gecko) Chrome/149.0.0.0 Mobile Safari/537.36', '2026-06-25 04:33:42'),
(137, '/index.html', '::1', 'Mozilla/5.0 (Linux; Android 15; Pixel 9) AppleWebKit/537.36 (KHTML, like Gecko) Chrome/149.0.0.0 Mobile Safari/537.36', '2026-06-25 04:33:45'),
(138, '/index.html', '::1', 'Mozilla/5.0 (Linux; Android 15; Pixel 9) AppleWebKit/537.36 (KHTML, like Gecko) Chrome/149.0.0.0 Mobile Safari/537.36', '2026-06-25 04:33:50'),
(139, '/index.html', '::1', 'Mozilla/5.0 (Linux; Android 15; Pixel 9) AppleWebKit/537.36 (KHTML, like Gecko) Chrome/149.0.0.0 Mobile Safari/537.36', '2026-06-25 04:33:52'),
(140, '/index.html', '::1', 'Mozilla/5.0 (Linux; Android 15; Pixel 9) AppleWebKit/537.36 (KHTML, like Gecko) Chrome/149.0.0.0 Mobile Safari/537.36', '2026-06-25 04:33:54'),
(141, '/index.html', '::1', 'Mozilla/5.0 (Linux; Android 15; Pixel 9) AppleWebKit/537.36 (KHTML, like Gecko) Chrome/149.0.0.0 Mobile Safari/537.36', '2026-06-25 04:34:01'),
(142, '/index.html', '::1', 'Mozilla/5.0 (Linux; Android 15; Pixel 9) AppleWebKit/537.36 (KHTML, like Gecko) Chrome/149.0.0.0 Mobile Safari/537.36', '2026-06-25 04:34:10'),
(143, '/index.html', '::1', 'Mozilla/5.0 (Linux; Android 15; Pixel 9) AppleWebKit/537.36 (KHTML, like Gecko) Chrome/149.0.0.0 Mobile Safari/537.36', '2026-06-25 04:34:12'),
(144, '/index.html', '::1', 'Mozilla/5.0 (Linux; Android 15; Pixel 9) AppleWebKit/537.36 (KHTML, like Gecko) Chrome/149.0.0.0 Mobile Safari/537.36', '2026-06-25 04:34:18'),
(145, '/index.html', '::1', 'Mozilla/5.0 (Linux; Android 15; Pixel 9) AppleWebKit/537.36 (KHTML, like Gecko) Chrome/149.0.0.0 Mobile Safari/537.36', '2026-06-25 04:34:19'),
(146, '/index.html', '::1', 'Mozilla/5.0 (Linux; Android 15; Pixel 9) AppleWebKit/537.36 (KHTML, like Gecko) Chrome/149.0.0.0 Mobile Safari/537.36', '2026-06-25 04:34:27'),
(147, '/index.html', '::1', 'Mozilla/5.0 (Linux; Android 15; Pixel 9) AppleWebKit/537.36 (KHTML, like Gecko) Chrome/149.0.0.0 Mobile Safari/537.36', '2026-06-25 04:35:39'),
(148, '/index.html', '::1', 'Mozilla/5.0 (Linux; Android 15; Pixel 9) AppleWebKit/537.36 (KHTML, like Gecko) Chrome/149.0.0.0 Mobile Safari/537.36', '2026-06-25 04:35:42'),
(149, '/index.html', '::1', 'Mozilla/5.0 (Linux; Android 15; Pixel 9) AppleWebKit/537.36 (KHTML, like Gecko) Chrome/149.0.0.0 Mobile Safari/537.36', '2026-06-25 04:35:47'),
(150, '/index.html', '::1', 'Mozilla/5.0 (Linux; Android 15; Pixel 9) AppleWebKit/537.36 (KHTML, like Gecko) Chrome/149.0.0.0 Mobile Safari/537.36', '2026-06-25 04:35:49'),
(151, '/index.html', '::1', 'Mozilla/5.0 (Linux; Android 15; Pixel 9) AppleWebKit/537.36 (KHTML, like Gecko) Chrome/149.0.0.0 Mobile Safari/537.36', '2026-06-25 04:35:54'),
(152, '/index.html', '::1', 'Mozilla/5.0 (Linux; Android 15; Pixel 9) AppleWebKit/537.36 (KHTML, like Gecko) Chrome/149.0.0.0 Mobile Safari/537.36', '2026-06-25 04:35:57'),
(153, '/producto.html', '::1', 'Mozilla/5.0 (Linux; Android 15; Pixel 9) AppleWebKit/537.36 (KHTML, like Gecko) Chrome/149.0.0.0 Mobile Safari/537.36', '2026-06-25 05:00:53'),
(154, '/index.html', '::1', 'Mozilla/5.0 (Linux; Android 15; Pixel 9) AppleWebKit/537.36 (KHTML, like Gecko) Chrome/149.0.0.0 Mobile Safari/537.36', '2026-06-25 05:01:03'),
(155, '/index.html', '::1', 'Mozilla/5.0 (Linux; Android 15; Pixel 9) AppleWebKit/537.36 (KHTML, like Gecko) Chrome/149.0.0.0 Mobile Safari/537.36', '2026-06-25 05:02:37'),
(156, '/index.html', '::1', 'Mozilla/5.0 (Linux; Android 15; Pixel 9) AppleWebKit/537.36 (KHTML, like Gecko) Chrome/149.0.0.0 Mobile Safari/537.36', '2026-06-25 05:08:04'),
(157, '/index.html', '::1', 'Mozilla/5.0 (Linux; Android 15; Pixel 9) AppleWebKit/537.36 (KHTML, like Gecko) Chrome/149.0.0.0 Mobile Safari/537.36', '2026-06-25 05:08:13'),
(158, '/index.html', '::1', 'Mozilla/5.0 (Linux; Android 15; Pixel 9) AppleWebKit/537.36 (KHTML, like Gecko) Chrome/149.0.0.0 Mobile Safari/537.36', '2026-06-25 05:10:35'),
(159, '/index.html', '::1', 'Mozilla/5.0 (Windows NT 10.0; Win64; x64) AppleWebKit/537.36 (KHTML, like Gecko) Chrome/149.0.0.0 Safari/537.36 Edg/149.0.0.0', '2026-06-25 05:12:34'),
(160, '/producto.html', '::1', 'Mozilla/5.0 (Windows NT 10.0; Win64; x64) AppleWebKit/537.36 (KHTML, like Gecko) Chrome/149.0.0.0 Safari/537.36 Edg/149.0.0.0', '2026-06-25 05:12:41'),
(161, '/producto.html', '::1', 'Mozilla/5.0 (Windows NT 10.0; Win64; x64) AppleWebKit/537.36 (KHTML, like Gecko) Chrome/149.0.0.0 Safari/537.36 Edg/149.0.0.0', '2026-06-25 05:13:33'),
(162, '/producto.html', '::1', 'Mozilla/5.0 (Windows NT 10.0; Win64; x64) AppleWebKit/537.36 (KHTML, like Gecko) Chrome/149.0.0.0 Safari/537.36 Edg/149.0.0.0', '2026-06-25 05:13:54'),
(163, '/producto.html', '::1', 'Mozilla/5.0 (Windows NT 10.0; Win64; x64) AppleWebKit/537.36 (KHTML, like Gecko) Chrome/149.0.0.0 Safari/537.36 Edg/149.0.0.0', '2026-06-25 05:14:25'),
(164, '/producto.html', '::1', 'Mozilla/5.0 (Windows NT 10.0; Win64; x64) AppleWebKit/537.36 (KHTML, like Gecko) Chrome/149.0.0.0 Safari/537.36 Edg/149.0.0.0', '2026-06-25 05:16:58'),
(165, '/index.html', '::1', 'Mozilla/5.0 (Windows NT 10.0; Win64; x64) AppleWebKit/537.36 (KHTML, like Gecko) Chrome/149.0.0.0 Safari/537.36 Edg/149.0.0.0', '2026-06-25 05:17:05'),
(166, '/index.html', '::1', 'Mozilla/5.0 (Linux; Android 15; Pixel 9) AppleWebKit/537.36 (KHTML, like Gecko) Chrome/149.0.0.0 Mobile Safari/537.36', '2026-06-25 05:21:33'),
(167, '/index.html', '::1', 'Mozilla/5.0 (Linux; Android 15; Pixel 9) AppleWebKit/537.36 (KHTML, like Gecko) Chrome/149.0.0.0 Mobile Safari/537.36', '2026-06-25 05:28:55'),
(168, '/index.html', '::1', 'Mozilla/5.0 (Linux; Android 15; Pixel 9) AppleWebKit/537.36 (KHTML, like Gecko) Chrome/149.0.0.0 Mobile Safari/537.36', '2026-06-25 05:33:48'),
(169, '/index.html', '::1', 'Mozilla/5.0 (Linux; Android 15; Pixel 9) AppleWebKit/537.36 (KHTML, like Gecko) Chrome/149.0.0.0 Mobile Safari/537.36', '2026-06-25 05:33:50'),
(170, '/index.html', '::1', 'Mozilla/5.0 (Linux; Android 15; Pixel 9) AppleWebKit/537.36 (KHTML, like Gecko) Chrome/149.0.0.0 Mobile Safari/537.36', '2026-06-25 05:48:08'),
(171, '/index.html', '::1', 'Mozilla/5.0 (Linux; Android 15; Pixel 9) AppleWebKit/537.36 (KHTML, like Gecko) Chrome/149.0.0.0 Mobile Safari/537.36', '2026-06-25 05:48:17'),
(172, '/index.html', '::1', 'Mozilla/5.0 (Linux; Android 15; Pixel 9) AppleWebKit/537.36 (KHTML, like Gecko) Chrome/149.0.0.0 Mobile Safari/537.36', '2026-06-25 05:48:23'),
(173, '/index.html', '::1', 'Mozilla/5.0 (Linux; Android 15; Pixel 9) AppleWebKit/537.36 (KHTML, like Gecko) Chrome/149.0.0.0 Mobile Safari/537.36', '2026-06-25 05:48:25'),
(174, '/index.html', '::1', 'Mozilla/5.0 (Linux; Android 15; Pixel 9) AppleWebKit/537.36 (KHTML, like Gecko) Chrome/149.0.0.0 Mobile Safari/537.36', '2026-06-25 05:48:33'),
(175, '/index.html', '::1', 'Mozilla/5.0 (Linux; Android 15; Pixel 9) AppleWebKit/537.36 (KHTML, like Gecko) Chrome/149.0.0.0 Mobile Safari/537.36', '2026-06-25 05:48:35'),
(176, '/index.html', '::1', 'Mozilla/5.0 (Linux; Android 15; Pixel 9) AppleWebKit/537.36 (KHTML, like Gecko) Chrome/149.0.0.0 Mobile Safari/537.36', '2026-06-25 05:48:49'),
(177, '/index.html', '::1', 'Mozilla/5.0 (Linux; Android 15; Pixel 9) AppleWebKit/537.36 (KHTML, like Gecko) Chrome/149.0.0.0 Mobile Safari/537.36', '2026-06-25 05:48:53'),
(178, '/index.html', '::1', 'Mozilla/5.0 (Linux; Android 15; Pixel 9) AppleWebKit/537.36 (KHTML, like Gecko) Chrome/149.0.0.0 Mobile Safari/537.36', '2026-06-25 05:49:02'),
(179, '/index.html', '::1', 'Mozilla/5.0 (Linux; Android 15; Pixel 9) AppleWebKit/537.36 (KHTML, like Gecko) Chrome/149.0.0.0 Mobile Safari/537.36', '2026-06-25 05:49:10'),
(180, '/index.html', '::1', 'Mozilla/5.0 (Linux; Android 15; Pixel 9) AppleWebKit/537.36 (KHTML, like Gecko) Chrome/149.0.0.0 Mobile Safari/537.36', '2026-06-25 05:49:16'),
(181, '/index.html', '::1', 'Mozilla/5.0 (Linux; Android 15; Pixel 9) AppleWebKit/537.36 (KHTML, like Gecko) Chrome/149.0.0.0 Mobile Safari/537.36', '2026-06-25 05:49:22'),
(182, '/index.html', '::1', 'Mozilla/5.0 (Linux; Android 15; Pixel 9) AppleWebKit/537.36 (KHTML, like Gecko) Chrome/149.0.0.0 Mobile Safari/537.36', '2026-06-25 05:49:25'),
(183, '/index.html', '::1', 'Mozilla/5.0 (Linux; Android 15; Pixel 9) AppleWebKit/537.36 (KHTML, like Gecko) Chrome/149.0.0.0 Mobile Safari/537.36', '2026-06-25 05:55:01'),
(184, '/index.html', '::1', 'Mozilla/5.0 (Linux; Android 15; Pixel 9) AppleWebKit/537.36 (KHTML, like Gecko) Chrome/149.0.0.0 Mobile Safari/537.36', '2026-06-25 05:55:07'),
(185, '/index.html', '::1', 'Mozilla/5.0 (Linux; Android 15; Pixel 9) AppleWebKit/537.36 (KHTML, like Gecko) Chrome/149.0.0.0 Mobile Safari/537.36', '2026-06-25 05:56:25'),
(186, '/index.html', '::1', 'Mozilla/5.0 (Linux; Android 15; Pixel 9) AppleWebKit/537.36 (KHTML, like Gecko) Chrome/149.0.0.0 Mobile Safari/537.36', '2026-06-25 05:56:28'),
(187, '/index.html', '::1', 'Mozilla/5.0 (Windows NT 10.0; Win64; x64) AppleWebKit/537.36 (KHTML, like Gecko) Chrome/149.0.0.0 Safari/537.36 Edg/149.0.0.0', '2026-06-25 06:05:15'),
(188, '/index.html', '::1', 'Mozilla/5.0 (Windows NT 10.0; Win64; x64) AppleWebKit/537.36 (KHTML, like Gecko) Chrome/149.0.0.0 Safari/537.36 Edg/149.0.0.0', '2026-06-25 06:06:33'),
(189, '/index.html', '::1', 'Mozilla/5.0 (Windows NT 10.0; Win64; x64) AppleWebKit/537.36 (KHTML, like Gecko) Chrome/149.0.0.0 Safari/537.36 Edg/149.0.0.0', '2026-06-25 06:06:42'),
(190, '/index.html', '::1', 'Mozilla/5.0 (Windows NT 10.0; Win64; x64) AppleWebKit/537.36 (KHTML, like Gecko) Chrome/149.0.0.0 Safari/537.36 Edg/149.0.0.0', '2026-06-25 06:07:05'),
(191, '/index.html', '::1', 'Mozilla/5.0 (Windows NT 10.0; Win64; x64) AppleWebKit/537.36 (KHTML, like Gecko) Chrome/149.0.0.0 Safari/537.36 Edg/149.0.0.0', '2026-06-25 13:22:18'),
(192, '/index.html', '::1', 'Mozilla/5.0 (Windows NT 10.0; Win64; x64) AppleWebKit/537.36 (KHTML, like Gecko) Chrome/149.0.0.0 Safari/537.36 Edg/149.0.0.0', '2026-06-25 13:22:24'),
(193, '/index.html', '::1', 'Mozilla/5.0 (Windows NT 10.0; Win64; x64) AppleWebKit/537.36 (KHTML, like Gecko) Chrome/149.0.0.0 Safari/537.36 Edg/149.0.0.0', '2026-06-25 13:22:27'),
(194, '/index.html', '::1', 'Mozilla/5.0 (Windows NT 10.0; Win64; x64) AppleWebKit/537.36 (KHTML, like Gecko) Chrome/149.0.0.0 Safari/537.36 Edg/149.0.0.0', '2026-06-25 13:22:29'),
(195, '/index.html', '::1', 'Mozilla/5.0 (Windows NT 10.0; Win64; x64) AppleWebKit/537.36 (KHTML, like Gecko) Chrome/149.0.0.0 Safari/537.36 Edg/149.0.0.0', '2026-06-25 13:23:07'),
(196, '/index.html', '::1', 'Mozilla/5.0 (Windows NT 10.0; Win64; x64) AppleWebKit/537.36 (KHTML, like Gecko) Chrome/149.0.0.0 Safari/537.36 Edg/149.0.0.0', '2026-06-25 13:23:18'),
(197, '/index.html', '::1', 'Mozilla/5.0 (Windows NT 10.0; Win64; x64) AppleWebKit/537.36 (KHTML, like Gecko) Chrome/149.0.0.0 Safari/537.36 Edg/149.0.0.0', '2026-06-25 13:23:20'),
(198, '/index.html', '::1', 'Mozilla/5.0 (Windows NT 10.0; Win64; x64) AppleWebKit/537.36 (KHTML, like Gecko) Chrome/149.0.0.0 Safari/537.36 Edg/149.0.0.0', '2026-06-25 13:23:25'),
(199, '/index.html', '::1', 'Mozilla/5.0 (Windows NT 10.0; Win64; x64) AppleWebKit/537.36 (KHTML, like Gecko) Chrome/149.0.0.0 Safari/537.36 Edg/149.0.0.0', '2026-06-25 13:24:29'),
(200, '/index.html', '::1', 'Mozilla/5.0 (Windows NT 10.0; Win64; x64) AppleWebKit/537.36 (KHTML, like Gecko) Chrome/149.0.0.0 Safari/537.36 Edg/149.0.0.0', '2026-06-25 13:24:30'),
(201, '/index.html', '::1', 'Mozilla/5.0 (Windows NT 10.0; Win64; x64) AppleWebKit/537.36 (KHTML, like Gecko) Chrome/149.0.0.0 Safari/537.36 Edg/149.0.0.0', '2026-06-25 13:24:39'),
(202, '/index.html', '::1', 'Mozilla/5.0 (Windows NT 10.0; Win64; x64) AppleWebKit/537.36 (KHTML, like Gecko) Chrome/149.0.0.0 Safari/537.36 Edg/149.0.0.0', '2026-06-25 13:24:43'),
(203, '/index.html', '::1', 'Mozilla/5.0 (Windows NT 10.0; Win64; x64) AppleWebKit/537.36 (KHTML, like Gecko) Chrome/149.0.0.0 Safari/537.36 Edg/149.0.0.0', '2026-06-25 13:24:50'),
(204, '/index.html', '::1', 'Mozilla/5.0 (Windows NT 10.0; Win64; x64) AppleWebKit/537.36 (KHTML, like Gecko) Chrome/149.0.0.0 Safari/537.36 Edg/149.0.0.0', '2026-06-25 13:31:16'),
(205, '/index.html', '::1', 'Mozilla/5.0 (Windows NT 10.0; Win64; x64) AppleWebKit/537.36 (KHTML, like Gecko) Chrome/149.0.0.0 Safari/537.36 Edg/149.0.0.0', '2026-06-25 13:31:19'),
(206, '/index.html', '::1', 'Mozilla/5.0 (Windows NT 10.0; Win64; x64) AppleWebKit/537.36 (KHTML, like Gecko) Chrome/149.0.0.0 Safari/537.36 Edg/149.0.0.0', '2026-06-25 13:31:21'),
(207, '/index.html', '::1', 'Mozilla/5.0 (Windows NT 10.0; Win64; x64) AppleWebKit/537.36 (KHTML, like Gecko) Chrome/149.0.0.0 Safari/537.36 Edg/149.0.0.0', '2026-06-25 13:31:23'),
(208, '/index.html', '::1', 'Mozilla/5.0 (Windows NT 10.0; Win64; x64) AppleWebKit/537.36 (KHTML, like Gecko) Chrome/149.0.0.0 Safari/537.36 Edg/149.0.0.0', '2026-06-25 13:31:25'),
(209, '/index.html', '::1', 'Mozilla/5.0 (Windows NT 10.0; Win64; x64) AppleWebKit/537.36 (KHTML, like Gecko) Chrome/149.0.0.0 Safari/537.36 Edg/149.0.0.0', '2026-06-25 13:31:28'),
(210, '/index.html', '::1', 'Mozilla/5.0 (Windows NT 10.0; Win64; x64) AppleWebKit/537.36 (KHTML, like Gecko) Chrome/149.0.0.0 Safari/537.36 Edg/149.0.0.0', '2026-06-25 13:31:36'),
(211, '/index.html', '::1', 'Mozilla/5.0 (Windows NT 10.0; Win64; x64) AppleWebKit/537.36 (KHTML, like Gecko) Chrome/149.0.0.0 Safari/537.36 Edg/149.0.0.0', '2026-06-25 13:31:51'),
(212, '/index.html', '::1', 'Mozilla/5.0 (Windows NT 10.0; Win64; x64) AppleWebKit/537.36 (KHTML, like Gecko) Chrome/149.0.0.0 Safari/537.36 Edg/149.0.0.0', '2026-06-25 13:31:54'),
(213, '/index.html', '::1', 'Mozilla/5.0 (Linux; Android 15; Pixel 9) AppleWebKit/537.36 (KHTML, like Gecko) Chrome/149.0.0.0 Mobile Safari/537.36', '2026-06-25 13:33:51'),
(214, '/index.html', '::1', 'Mozilla/5.0 (Windows NT 10.0; Win64; x64) AppleWebKit/537.36 (KHTML, like Gecko) Chrome/149.0.0.0 Safari/537.36 Edg/149.0.0.0', '2026-06-25 13:34:03'),
(215, '/index.html', '::1', 'Mozilla/5.0 (Windows NT 10.0; Win64; x64) AppleWebKit/537.36 (KHTML, like Gecko) Chrome/149.0.0.0 Safari/537.36 Edg/149.0.0.0', '2026-06-25 13:34:31'),
(216, '/index.html', '::1', 'Mozilla/5.0 (Windows NT 10.0; Win64; x64) AppleWebKit/537.36 (KHTML, like Gecko) Chrome/149.0.0.0 Safari/537.36 Edg/149.0.0.0', '2026-06-25 13:34:33'),
(217, '/index.html', '::1', 'Mozilla/5.0 (Windows NT 10.0; Win64; x64) AppleWebKit/537.36 (KHTML, like Gecko) Chrome/149.0.0.0 Safari/537.36 Edg/149.0.0.0', '2026-06-25 13:34:34'),
(218, '/index.html', '::1', 'Mozilla/5.0 (Windows NT 10.0; Win64; x64) AppleWebKit/537.36 (KHTML, like Gecko) Chrome/149.0.0.0 Safari/537.36 Edg/149.0.0.0', '2026-06-25 13:34:41'),
(219, '/index.html', '::1', 'Mozilla/5.0 (Windows NT 10.0; Win64; x64) AppleWebKit/537.36 (KHTML, like Gecko) Chrome/149.0.0.0 Safari/537.36 Edg/149.0.0.0', '2026-06-25 13:34:44'),
(220, '/index.html', '::1', 'Mozilla/5.0 (Windows NT 10.0; Win64; x64) AppleWebKit/537.36 (KHTML, like Gecko) Chrome/149.0.0.0 Safari/537.36 Edg/149.0.0.0', '2026-06-25 13:34:58'),
(221, '/index.html', '::1', 'Mozilla/5.0 (Windows NT 10.0; Win64; x64) AppleWebKit/537.36 (KHTML, like Gecko) Chrome/149.0.0.0 Safari/537.36 Edg/149.0.0.0', '2026-06-25 13:35:57'),
(222, '/index.html', '::1', 'Mozilla/5.0 (Windows NT 10.0; Win64; x64) AppleWebKit/537.36 (KHTML, like Gecko) Chrome/149.0.0.0 Safari/537.36 Edg/149.0.0.0', '2026-06-25 13:37:59'),
(223, '/index.html', '::1', 'Mozilla/5.0 (Windows NT 10.0; Win64; x64) AppleWebKit/537.36 (KHTML, like Gecko) Chrome/149.0.0.0 Safari/537.36 Edg/149.0.0.0', '2026-06-25 13:38:26'),
(224, '/index.html', '::1', 'Mozilla/5.0 (Windows NT 10.0; Win64; x64) AppleWebKit/537.36 (KHTML, like Gecko) Chrome/149.0.0.0 Safari/537.36 Edg/149.0.0.0', '2026-06-25 13:40:52'),
(225, '/index.html', '::1', 'Mozilla/5.0 (Linux; Android 15; Pixel 9) AppleWebKit/537.36 (KHTML, like Gecko) Chrome/149.0.0.0 Mobile Safari/537.36', '2026-06-25 13:42:52'),
(226, '/index.html', '::1', 'Mozilla/5.0 (Linux; Android 15; Pixel 9) AppleWebKit/537.36 (KHTML, like Gecko) Chrome/149.0.0.0 Mobile Safari/537.36', '2026-06-25 13:42:54'),
(227, '/index.html', '::1', 'Mozilla/5.0 (Linux; Android 15; Pixel 9) AppleWebKit/537.36 (KHTML, like Gecko) Chrome/149.0.0.0 Mobile Safari/537.36', '2026-06-25 13:43:22'),
(228, '/index.html', '::1', 'Mozilla/5.0 (Windows NT 10.0; Win64; x64) AppleWebKit/537.36 (KHTML, like Gecko) Chrome/149.0.0.0 Safari/537.36 Edg/149.0.0.0', '2026-06-25 13:43:42'),
(229, '/index.html', '::1', 'Mozilla/5.0 (Windows NT 10.0; Win64; x64) AppleWebKit/537.36 (KHTML, like Gecko) Chrome/149.0.0.0 Safari/537.36 Edg/149.0.0.0', '2026-06-25 13:48:49'),
(230, '/index.html', '::1', 'Mozilla/5.0 (Windows NT 10.0; Win64; x64) AppleWebKit/537.36 (KHTML, like Gecko) Chrome/149.0.0.0 Safari/537.36 Edg/149.0.0.0', '2026-06-25 13:48:52'),
(231, '/index.html', '::1', 'Mozilla/5.0 (Windows NT 10.0; Win64; x64) AppleWebKit/537.36 (KHTML, like Gecko) Chrome/149.0.0.0 Safari/537.36 Edg/149.0.0.0', '2026-06-25 13:49:03'),
(232, '/index.html', '::1', 'Mozilla/5.0 (Windows NT 10.0; Win64; x64) AppleWebKit/537.36 (KHTML, like Gecko) Chrome/149.0.0.0 Safari/537.36 Edg/149.0.0.0', '2026-06-25 13:50:13'),
(233, '/index.html', '::1', 'Mozilla/5.0 (Linux; Android 15; Pixel 9) AppleWebKit/537.36 (KHTML, like Gecko) Chrome/149.0.0.0 Mobile Safari/537.36', '2026-06-25 13:51:36'),
(234, '/index.html', '::1', 'Mozilla/5.0 (Linux; Android 15; Pixel 9) AppleWebKit/537.36 (KHTML, like Gecko) Chrome/149.0.0.0 Mobile Safari/537.36', '2026-06-25 13:52:12'),
(235, '/index.html', '::1', 'Mozilla/5.0 (Linux; Android 15; Pixel 9) AppleWebKit/537.36 (KHTML, like Gecko) Chrome/149.0.0.0 Mobile Safari/537.36', '2026-06-25 13:52:39'),
(236, '/index.html', '::1', 'Mozilla/5.0 (Linux; Android 15; Pixel 9) AppleWebKit/537.36 (KHTML, like Gecko) Chrome/149.0.0.0 Mobile Safari/537.36', '2026-06-25 13:54:01'),
(237, '/index.html', '::1', 'Mozilla/5.0 (Linux; Android 15; Pixel 9) AppleWebKit/537.36 (KHTML, like Gecko) Chrome/149.0.0.0 Mobile Safari/537.36', '2026-06-25 13:54:07'),
(238, '/index.html', '::1', 'Mozilla/5.0 (Linux; Android 15; Pixel 9) AppleWebKit/537.36 (KHTML, like Gecko) Chrome/149.0.0.0 Mobile Safari/537.36', '2026-06-25 13:54:23'),
(239, '/index.html', '::1', 'Mozilla/5.0 (Linux; Android 15; Pixel 9) AppleWebKit/537.36 (KHTML, like Gecko) Chrome/149.0.0.0 Mobile Safari/537.36', '2026-06-25 13:54:26'),
(240, '/index.html', '::1', 'Mozilla/5.0 (Linux; Android 15; Pixel 9) AppleWebKit/537.36 (KHTML, like Gecko) Chrome/149.0.0.0 Mobile Safari/537.36', '2026-06-25 13:55:31'),
(241, '/index.html', '::1', 'Mozilla/5.0 (Linux; Android 15; Pixel 9) AppleWebKit/537.36 (KHTML, like Gecko) Chrome/149.0.0.0 Mobile Safari/537.36', '2026-06-25 13:55:41'),
(242, '/index.html', '::1', 'Mozilla/5.0 (Linux; Android 15; Pixel 9) AppleWebKit/537.36 (KHTML, like Gecko) Chrome/149.0.0.0 Mobile Safari/537.36', '2026-06-25 13:55:45'),
(243, '/index.html', '::1', 'Mozilla/5.0 (Linux; Android 15; Pixel 9) AppleWebKit/537.36 (KHTML, like Gecko) Chrome/149.0.0.0 Mobile Safari/537.36', '2026-06-25 13:55:47'),
(244, '/index.html', '::1', 'Mozilla/5.0 (Linux; Android 15; Pixel 9) AppleWebKit/537.36 (KHTML, like Gecko) Chrome/149.0.0.0 Mobile Safari/537.36', '2026-06-25 13:58:10'),
(245, '/index.html', '::1', 'Mozilla/5.0 (Linux; Android 15; Pixel 9) AppleWebKit/537.36 (KHTML, like Gecko) Chrome/149.0.0.0 Mobile Safari/537.36', '2026-06-25 13:58:12'),
(246, '/index.html', '::1', 'Mozilla/5.0 (Linux; Android 15; Pixel 9) AppleWebKit/537.36 (KHTML, like Gecko) Chrome/149.0.0.0 Mobile Safari/537.36', '2026-06-25 14:03:03'),
(247, '/index.html', '::1', 'Mozilla/5.0 (Windows NT 10.0; Win64; x64) AppleWebKit/537.36 (KHTML, like Gecko) Chrome/149.0.0.0 Safari/537.36 Edg/149.0.0.0', '2026-06-25 14:03:39'),
(248, '/index.html', '::1', 'Mozilla/5.0 (Windows NT 10.0; Win64; x64) AppleWebKit/537.36 (KHTML, like Gecko) Chrome/149.0.0.0 Safari/537.36 Edg/149.0.0.0', '2026-06-25 14:04:00'),
(249, '/catalogo.html', '::1', 'Mozilla/5.0 (Windows NT 10.0; Win64; x64) AppleWebKit/537.36 (KHTML, like Gecko) Chrome/149.0.0.0 Safari/537.36 Edg/149.0.0.0', '2026-06-25 14:10:43'),
(250, '/producto.html', '::1', 'Mozilla/5.0 (Windows NT 10.0; Win64; x64) AppleWebKit/537.36 (KHTML, like Gecko) Chrome/149.0.0.0 Safari/537.36 Edg/149.0.0.0', '2026-06-25 14:10:45'),
(251, '/index.html', '::1', 'Mozilla/5.0 (Windows NT 10.0; Win64; x64) AppleWebKit/537.36 (KHTML, like Gecko) Chrome/149.0.0.0 Safari/537.36 Edg/149.0.0.0', '2026-06-25 14:15:40'),
(252, '/index.html', '::1', 'Mozilla/5.0 (Windows NT 10.0; Win64; x64) AppleWebKit/537.36 (KHTML, like Gecko) Chrome/149.0.0.0 Safari/537.36 Edg/149.0.0.0', '2026-06-25 14:20:41'),
(253, '/index.html', '::1', 'Mozilla/5.0 (Windows NT 10.0; Win64; x64) AppleWebKit/537.36 (KHTML, like Gecko) Chrome/149.0.0.0 Safari/537.36 Edg/149.0.0.0', '2026-06-25 14:21:09'),
(254, '/index.html', '::1', 'Mozilla/5.0 (Windows NT 10.0; Win64; x64) AppleWebKit/537.36 (KHTML, like Gecko) Chrome/149.0.0.0 Safari/537.36 Edg/149.0.0.0', '2026-06-25 14:23:06'),
(255, '/index.html', '::1', 'Mozilla/5.0 (Windows NT 10.0; Win64; x64) AppleWebKit/537.36 (KHTML, like Gecko) Chrome/149.0.0.0 Safari/537.36 Edg/149.0.0.0', '2026-06-25 14:23:07'),
(256, '/index.html', '::1', 'Mozilla/5.0 (Windows NT 10.0; Win64; x64) AppleWebKit/537.36 (KHTML, like Gecko) Chrome/149.0.0.0 Safari/537.36 Edg/149.0.0.0', '2026-06-25 14:23:34'),
(257, '/index.html', '::1', 'Mozilla/5.0 (Windows NT 10.0; Win64; x64) AppleWebKit/537.36 (KHTML, like Gecko) Chrome/149.0.0.0 Safari/537.36 Edg/149.0.0.0', '2026-06-25 14:24:15'),
(258, '/index.html', '::1', 'Mozilla/5.0 (Linux; Android 15; Pixel 9) AppleWebKit/537.36 (KHTML, like Gecko) Chrome/149.0.0.0 Mobile Safari/537.36', '2026-06-25 14:27:38'),
(259, '/index.html', '::1', 'Mozilla/5.0 (Linux; Android 15; Pixel 9) AppleWebKit/537.36 (KHTML, like Gecko) Chrome/149.0.0.0 Mobile Safari/537.36', '2026-06-25 14:27:41'),
(260, '/index.html', '::1', 'Mozilla/5.0 (Linux; Android 15; Pixel 9) AppleWebKit/537.36 (KHTML, like Gecko) Chrome/149.0.0.0 Mobile Safari/537.36', '2026-06-25 14:27:43'),
(261, '/index.html', '::1', 'Mozilla/5.0 (Linux; Android 15; Pixel 9) AppleWebKit/537.36 (KHTML, like Gecko) Chrome/149.0.0.0 Mobile Safari/537.36', '2026-06-25 14:27:45'),
(262, '/index.html', '::1', 'Mozilla/5.0 (Linux; Android 15; Pixel 9) AppleWebKit/537.36 (KHTML, like Gecko) Chrome/149.0.0.0 Mobile Safari/537.36', '2026-06-25 14:27:48'),
(263, '/producto.html', '::1', 'Mozilla/5.0 (Windows NT 10.0; Win64; x64) AppleWebKit/537.36 (KHTML, like Gecko) Chrome/149.0.0.0 Safari/537.36 Edg/149.0.0.0', '2026-06-25 14:49:36'),
(264, '/catalogo.html', '::1', 'Mozilla/5.0 (Windows NT 10.0; Win64; x64) AppleWebKit/537.36 (KHTML, like Gecko) Chrome/149.0.0.0 Safari/537.36 Edg/149.0.0.0', '2026-06-25 14:49:39'),
(265, '/producto.html', '::1', 'Mozilla/5.0 (Windows NT 10.0; Win64; x64) AppleWebKit/537.36 (KHTML, like Gecko) Chrome/149.0.0.0 Safari/537.36 Edg/149.0.0.0', '2026-06-25 14:50:20'),
(266, '/producto.html', '::1', 'Mozilla/5.0 (Windows NT 10.0; Win64; x64) AppleWebKit/537.36 (KHTML, like Gecko) Chrome/149.0.0.0 Safari/537.36 Edg/149.0.0.0', '2026-06-25 14:50:51'),
(267, '/producto.html', '::1', 'Mozilla/5.0 (Windows NT 10.0; Win64; x64) AppleWebKit/537.36 (KHTML, like Gecko) Chrome/149.0.0.0 Safari/537.36 Edg/149.0.0.0', '2026-06-25 14:50:59'),
(268, '/producto.html', '::1', 'Mozilla/5.0 (Windows NT 10.0; Win64; x64) AppleWebKit/537.36 (KHTML, like Gecko) Chrome/149.0.0.0 Safari/537.36 Edg/149.0.0.0', '2026-06-25 14:51:02'),
(269, '/producto.html', '::1', 'Mozilla/5.0 (Windows NT 10.0; Win64; x64) AppleWebKit/537.36 (KHTML, like Gecko) Chrome/149.0.0.0 Safari/537.36 Edg/149.0.0.0', '2026-06-25 14:51:30'),
(270, '/catalogo.html', '::1', 'Mozilla/5.0 (Windows NT 10.0; Win64; x64) AppleWebKit/537.36 (KHTML, like Gecko) Chrome/149.0.0.0 Safari/537.36 Edg/149.0.0.0', '2026-06-25 14:51:34'),
(271, '/producto.html', '::1', 'Mozilla/5.0 (Windows NT 10.0; Win64; x64) AppleWebKit/537.36 (KHTML, like Gecko) Chrome/149.0.0.0 Safari/537.36 Edg/149.0.0.0', '2026-06-25 14:51:53'),
(272, '/index.html', '::1', 'Mozilla/5.0 (Windows NT 10.0; Win64; x64) AppleWebKit/537.36 (KHTML, like Gecko) Chrome/149.0.0.0 Safari/537.36 Edg/149.0.0.0', '2026-06-25 14:52:09'),
(273, '/index.html', '::ffff:127.0.0.1', 'Mozilla/5.0 (Windows NT 10.0; Win64; x64) AppleWebKit/537.36 (KHTML, like Gecko) Chrome/149.0.0.0 Safari/537.36 Edg/149.0.0.0', '2026-06-25 14:52:42'),
(274, '/index.html', '::1', 'Mozilla/5.0 (Windows NT 10.0; Win64; x64) AppleWebKit/537.36 (KHTML, like Gecko) Chrome/149.0.0.0 Safari/537.36 Edg/149.0.0.0', '2026-06-25 14:53:51'),
(275, '/index.html', '::1', 'Mozilla/5.0 (Windows NT 10.0; Win64; x64) AppleWebKit/537.36 (KHTML, like Gecko) Chrome/149.0.0.0 Safari/537.36 Edg/149.0.0.0', '2026-06-25 14:54:07'),
(276, '/index.html', '::1', 'Mozilla/5.0 (Windows NT 10.0; Win64; x64) AppleWebKit/537.36 (KHTML, like Gecko) Chrome/149.0.0.0 Safari/537.36 Edg/149.0.0.0', '2026-06-25 14:54:27'),
(277, '/index.html', '::1', 'Mozilla/5.0 (Windows NT 10.0; Win64; x64) AppleWebKit/537.36 (KHTML, like Gecko) Chrome/149.0.0.0 Safari/537.36 Edg/149.0.0.0', '2026-06-25 14:54:44'),
(278, '/index.html', '::1', 'Mozilla/5.0 (Windows NT 10.0; Win64; x64) AppleWebKit/537.36 (KHTML, like Gecko) Chrome/149.0.0.0 Safari/537.36 Edg/149.0.0.0', '2026-06-25 14:55:37'),
(279, '/producto.html', '::1', 'Mozilla/5.0 (Linux; Android 15; Pixel 9) AppleWebKit/537.36 (KHTML, like Gecko) Chrome/149.0.0.0 Mobile Safari/537.36', '2026-06-25 14:58:25'),
(280, '/', '::1', 'Mozilla/5.0 (Windows NT 10.0; Win64; x64) AppleWebKit/537.36 (KHTML, like Gecko) Chrome/149.0.0.0 Safari/537.36 Edg/149.0.0.0', '2026-06-25 14:59:36'),
(281, '/', '::1', 'Mozilla/5.0 (Linux; Android 15; Pixel 9) AppleWebKit/537.36 (KHTML, like Gecko) Chrome/149.0.0.0 Mobile Safari/537.36', '2026-06-25 15:04:27'),
(282, '/producto.html', '::1', 'Mozilla/5.0 (Windows NT 10.0; Win64; x64) AppleWebKit/537.36 (KHTML, like Gecko) Chrome/149.0.0.0 Safari/537.36 Edg/149.0.0.0', '2026-06-25 15:11:13'),
(283, '/producto.html', '::1', 'Mozilla/5.0 (Windows NT 10.0; Win64; x64) AppleWebKit/537.36 (KHTML, like Gecko) Chrome/149.0.0.0 Safari/537.36 Edg/149.0.0.0', '2026-06-25 15:13:03'),
(284, '/producto.html', '::1', 'Mozilla/5.0 (Windows NT 10.0; Win64; x64) AppleWebKit/537.36 (KHTML, like Gecko) Chrome/149.0.0.0 Safari/537.36 Edg/149.0.0.0', '2026-06-25 15:13:27'),
(285, '/producto.html', '::1', 'Mozilla/5.0 (Windows NT 10.0; Win64; x64) AppleWebKit/537.36 (KHTML, like Gecko) Chrome/149.0.0.0 Safari/537.36 Edg/149.0.0.0', '2026-06-25 15:14:01');
INSERT INTO `visitas_pagina` (`id`, `ruta`, `ip`, `user_agent`, `created_at`) VALUES
(286, '/index.html', '::1', 'Mozilla/5.0 (Windows NT 10.0; Win64; x64) AppleWebKit/537.36 (KHTML, like Gecko) Chrome/149.0.0.0 Safari/537.36 Edg/149.0.0.0', '2026-06-25 15:18:20'),
(287, '/catalogo.html', '::1', 'Mozilla/5.0 (Windows NT 10.0; Win64; x64) AppleWebKit/537.36 (KHTML, like Gecko) Chrome/149.0.0.0 Safari/537.36 Edg/149.0.0.0', '2026-06-25 15:18:21'),
(288, '/catalogo.html', '::1', 'Mozilla/5.0 (Windows NT 10.0; Win64; x64) AppleWebKit/537.36 (KHTML, like Gecko) Chrome/149.0.0.0 Safari/537.36 Edg/149.0.0.0', '2026-06-25 15:19:47'),
(289, '/producto.html', '::1', 'Mozilla/5.0 (Windows NT 10.0; Win64; x64) AppleWebKit/537.36 (KHTML, like Gecko) Chrome/149.0.0.0 Safari/537.36 Edg/149.0.0.0', '2026-06-25 15:20:00'),
(290, '/producto.html', '::1', 'Mozilla/5.0 (Windows NT 10.0; Win64; x64) AppleWebKit/537.36 (KHTML, like Gecko) Chrome/149.0.0.0 Safari/537.36 Edg/149.0.0.0', '2026-06-25 15:20:52'),
(291, '/producto.html', '::1', 'Mozilla/5.0 (Windows NT 10.0; Win64; x64) AppleWebKit/537.36 (KHTML, like Gecko) Chrome/149.0.0.0 Safari/537.36 Edg/149.0.0.0', '2026-06-25 15:21:42'),
(292, '/catalogo.html', '::1', 'Mozilla/5.0 (Windows NT 10.0; Win64; x64) AppleWebKit/537.36 (KHTML, like Gecko) Chrome/149.0.0.0 Safari/537.36 Edg/149.0.0.0', '2026-06-25 15:22:21'),
(293, '/catalogo.html', '::1', 'Mozilla/5.0 (Windows NT 10.0; Win64; x64) AppleWebKit/537.36 (KHTML, like Gecko) Chrome/149.0.0.0 Safari/537.36 Edg/149.0.0.0', '2026-06-25 15:23:06'),
(294, '/catalogo.html', '::1', 'Mozilla/5.0 (Windows NT 10.0; Win64; x64) AppleWebKit/537.36 (KHTML, like Gecko) Chrome/149.0.0.0 Safari/537.36 Edg/149.0.0.0', '2026-06-25 15:23:26'),
(295, '/catalogo.html', '::1', 'Mozilla/5.0 (Windows NT 10.0; Win64; x64) AppleWebKit/537.36 (KHTML, like Gecko) Chrome/149.0.0.0 Safari/537.36 Edg/149.0.0.0', '2026-06-25 15:23:47'),
(296, '/catalogo.html', '::1', 'Mozilla/5.0 (Windows NT 10.0; Win64; x64) AppleWebKit/537.36 (KHTML, like Gecko) Chrome/149.0.0.0 Safari/537.36 Edg/149.0.0.0', '2026-06-25 15:25:05'),
(297, '/catalogo.html', '::1', 'Mozilla/5.0 (Windows NT 10.0; Win64; x64) AppleWebKit/537.36 (KHTML, like Gecko) Chrome/149.0.0.0 Safari/537.36 Edg/149.0.0.0', '2026-06-25 15:25:05'),
(298, '/index.html', '::1', 'Mozilla/5.0 (Windows NT 10.0; Win64; x64) AppleWebKit/537.36 (KHTML, like Gecko) Chrome/149.0.0.0 Safari/537.36 Edg/149.0.0.0', '2026-06-25 15:25:56'),
(299, '/catalogo.html', '::1', 'Mozilla/5.0 (Windows NT 10.0; Win64; x64) AppleWebKit/537.36 (KHTML, like Gecko) Chrome/149.0.0.0 Safari/537.36 Edg/149.0.0.0', '2026-06-25 15:26:02'),
(300, '/index.html', '::1', 'Mozilla/5.0 (Linux; Android 15; Pixel 9) AppleWebKit/537.36 (KHTML, like Gecko) Chrome/149.0.0.0 Mobile Safari/537.36', '2026-06-25 15:27:09'),
(301, '/producto.html', '::1', 'Mozilla/5.0 (Linux; Android 15; Pixel 9) AppleWebKit/537.36 (KHTML, like Gecko) Chrome/149.0.0.0 Mobile Safari/537.36', '2026-06-25 15:27:23'),
(302, '/producto.html', '::1', 'Mozilla/5.0 (Windows NT 10.0; Win64; x64) AppleWebKit/537.36 (KHTML, like Gecko) Chrome/149.0.0.0 Safari/537.36 Edg/149.0.0.0', '2026-06-25 15:31:02'),
(303, '/producto.html', '::1', 'Mozilla/5.0 (Windows NT 10.0; Win64; x64) AppleWebKit/537.36 (KHTML, like Gecko) Chrome/149.0.0.0 Safari/537.36 Edg/149.0.0.0', '2026-06-25 15:31:14'),
(304, '/index.html', '::1', 'Mozilla/5.0 (Linux; Android 15; Pixel 9) AppleWebKit/537.36 (KHTML, like Gecko) Chrome/149.0.0.0 Mobile Safari/537.36', '2026-06-25 15:36:41'),
(305, '/producto.html', '::1', 'Mozilla/5.0 (Linux; Android 15; Pixel 9) AppleWebKit/537.36 (KHTML, like Gecko) Chrome/149.0.0.0 Mobile Safari/537.36', '2026-06-25 15:37:44'),
(306, '/index.html', '::1', 'Mozilla/5.0 (Linux; Android 15; Pixel 9) AppleWebKit/537.36 (KHTML, like Gecko) Chrome/149.0.0.0 Mobile Safari/537.36', '2026-06-25 15:37:46'),
(307, '/producto.html', '::1', 'Mozilla/5.0 (Linux; Android 15; Pixel 9) AppleWebKit/537.36 (KHTML, like Gecko) Chrome/149.0.0.0 Mobile Safari/537.36', '2026-06-25 15:37:50'),
(308, '/index.html', '::1', 'Mozilla/5.0 (Linux; Android 15; Pixel 9) AppleWebKit/537.36 (KHTML, like Gecko) Chrome/149.0.0.0 Mobile Safari/537.36', '2026-06-25 15:37:52'),
(309, '/producto.html', '::1', 'Mozilla/5.0 (Linux; Android 15; Pixel 9) AppleWebKit/537.36 (KHTML, like Gecko) Chrome/149.0.0.0 Mobile Safari/537.36', '2026-06-25 15:40:21'),
(310, '/index.html', '::1', 'Mozilla/5.0 (Windows NT 10.0; Win64; x64) AppleWebKit/537.36 (KHTML, like Gecko) Chrome/149.0.0.0 Safari/537.36 Edg/149.0.0.0', '2026-06-25 16:13:14'),
(311, '/index.html', '::1', 'Mozilla/5.0 (Windows NT 10.0; Win64; x64) AppleWebKit/537.36 (KHTML, like Gecko) Chrome/149.0.0.0 Safari/537.36 Edg/149.0.0.0', '2026-06-25 16:34:30'),
(312, '/index.html', '::1', 'Mozilla/5.0 (Windows NT 10.0; Win64; x64) AppleWebKit/537.36 (KHTML, like Gecko) Chrome/149.0.0.0 Safari/537.36 Edg/149.0.0.0', '2026-06-25 16:34:30'),
(313, '/index.html', '::1', 'Mozilla/5.0 (Windows NT 10.0; Win64; x64) AppleWebKit/537.36 (KHTML, like Gecko) Chrome/149.0.0.0 Safari/537.36 Edg/149.0.0.0', '2026-06-25 16:36:08'),
(314, '/index.html', '::1', 'Mozilla/5.0 (Windows NT 10.0; Win64; x64) AppleWebKit/537.36 (KHTML, like Gecko) Chrome/149.0.0.0 Safari/537.36 Edg/149.0.0.0', '2026-06-25 16:36:12'),
(315, '/index.html', '::1', 'Mozilla/5.0 (Windows NT 10.0; Win64; x64) AppleWebKit/537.36 (KHTML, like Gecko) Chrome/149.0.0.0 Safari/537.36 Edg/149.0.0.0', '2026-06-25 16:40:46'),
(316, '/index.html', '::1', 'Mozilla/5.0 (Windows NT 10.0; Win64; x64) AppleWebKit/537.36 (KHTML, like Gecko) Chrome/149.0.0.0 Safari/537.36 Edg/149.0.0.0', '2026-06-25 16:42:45'),
(317, '/producto.html', '::1', 'Mozilla/5.0 (Windows NT 10.0; Win64; x64) AppleWebKit/537.36 (KHTML, like Gecko) Chrome/149.0.0.0 Safari/537.36 Edg/149.0.0.0', '2026-06-25 16:42:54'),
(318, '/producto.html', '::1', 'Mozilla/5.0 (Windows NT 10.0; Win64; x64) AppleWebKit/537.36 (KHTML, like Gecko) Chrome/149.0.0.0 Safari/537.36 Edg/149.0.0.0', '2026-06-25 16:43:00'),
(319, '/index.html', '::1', 'Mozilla/5.0 (Windows NT 10.0; Win64; x64) AppleWebKit/537.36 (KHTML, like Gecko) Chrome/149.0.0.0 Safari/537.36 Edg/149.0.0.0', '2026-06-25 16:43:27'),
(320, '/producto.html', '::1', 'Mozilla/5.0 (Windows NT 10.0; Win64; x64) AppleWebKit/537.36 (KHTML, like Gecko) Chrome/149.0.0.0 Safari/537.36 Edg/149.0.0.0', '2026-06-25 16:43:31'),
(321, '/producto.html', '::1', 'Mozilla/5.0 (Windows NT 10.0; Win64; x64) AppleWebKit/537.36 (KHTML, like Gecko) Chrome/149.0.0.0 Safari/537.36 Edg/149.0.0.0', '2026-06-25 16:44:16'),
(322, '/producto.html', '::1', 'Mozilla/5.0 (Windows NT 10.0; Win64; x64) AppleWebKit/537.36 (KHTML, like Gecko) Chrome/149.0.0.0 Safari/537.36 Edg/149.0.0.0', '2026-06-25 16:45:18'),
(323, '/producto.html', '::1', 'Mozilla/5.0 (Windows NT 10.0; Win64; x64) AppleWebKit/537.36 (KHTML, like Gecko) Chrome/149.0.0.0 Safari/537.36 Edg/149.0.0.0', '2026-06-25 16:45:26'),
(324, '/producto.html', '::1', 'Mozilla/5.0 (Windows NT 10.0; Win64; x64) AppleWebKit/537.36 (KHTML, like Gecko) Chrome/149.0.0.0 Safari/537.36 Edg/149.0.0.0', '2026-06-25 16:45:29'),
(325, '/index.html', '::1', 'Mozilla/5.0 (Windows NT 10.0; Win64; x64) AppleWebKit/537.36 (KHTML, like Gecko) Chrome/149.0.0.0 Safari/537.36 Edg/149.0.0.0', '2026-06-25 16:45:36'),
(326, '/index.html', '::1', 'Mozilla/5.0 (Windows NT 10.0; Win64; x64) AppleWebKit/537.36 (KHTML, like Gecko) Chrome/149.0.0.0 Safari/537.36 Edg/149.0.0.0', '2026-06-25 16:45:57'),
(327, '/producto.html', '::1', 'Mozilla/5.0 (Windows NT 10.0; Win64; x64) AppleWebKit/537.36 (KHTML, like Gecko) Chrome/149.0.0.0 Safari/537.36 Edg/149.0.0.0', '2026-06-25 16:46:05'),
(328, '/producto.html', '::1', 'Mozilla/5.0 (Windows NT 10.0; Win64; x64) AppleWebKit/537.36 (KHTML, like Gecko) Chrome/149.0.0.0 Safari/537.36 Edg/149.0.0.0', '2026-06-25 16:48:49'),
(329, '/producto.html', '::1', 'Mozilla/5.0 (Windows NT 10.0; Win64; x64) AppleWebKit/537.36 (KHTML, like Gecko) Chrome/149.0.0.0 Safari/537.36 Edg/149.0.0.0', '2026-06-25 16:55:34'),
(330, '/producto.html', '::1', 'Mozilla/5.0 (Windows NT 10.0; Win64; x64) AppleWebKit/537.36 (KHTML, like Gecko) Chrome/149.0.0.0 Safari/537.36 Edg/149.0.0.0', '2026-06-25 16:56:49'),
(331, '/producto.html', '::1', 'Mozilla/5.0 (Windows NT 10.0; Win64; x64) AppleWebKit/537.36 (KHTML, like Gecko) Chrome/149.0.0.0 Safari/537.36 Edg/149.0.0.0', '2026-06-25 16:58:08'),
(332, '/producto.html', '::1', 'Mozilla/5.0 (Windows NT 10.0; Win64; x64) AppleWebKit/537.36 (KHTML, like Gecko) Chrome/149.0.0.0 Safari/537.36 Edg/149.0.0.0', '2026-06-25 16:59:28'),
(333, '/producto.html', '::1', 'Mozilla/5.0 (Windows NT 10.0; Win64; x64) AppleWebKit/537.36 (KHTML, like Gecko) Chrome/149.0.0.0 Safari/537.36 Edg/149.0.0.0', '2026-06-25 17:01:18'),
(334, '/producto.html', '::1', 'Mozilla/5.0 (Windows NT 10.0; Win64; x64) AppleWebKit/537.36 (KHTML, like Gecko) Chrome/149.0.0.0 Safari/537.36 Edg/149.0.0.0', '2026-06-25 17:01:38'),
(335, '/producto.html', '::1', 'Mozilla/5.0 (Windows NT 10.0; Win64; x64) AppleWebKit/537.36 (KHTML, like Gecko) Chrome/149.0.0.0 Safari/537.36 Edg/149.0.0.0', '2026-06-25 17:01:57'),
(336, '/producto.html', '::1', 'Mozilla/5.0 (Windows NT 10.0; Win64; x64) AppleWebKit/537.36 (KHTML, like Gecko) Chrome/149.0.0.0 Safari/537.36 Edg/149.0.0.0', '2026-06-25 17:01:58'),
(337, '/producto.html', '::1', 'Mozilla/5.0 (Windows NT 10.0; Win64; x64) AppleWebKit/537.36 (KHTML, like Gecko) Chrome/149.0.0.0 Safari/537.36 Edg/149.0.0.0', '2026-06-25 17:02:27'),
(338, '/producto.html', '::1', 'Mozilla/5.0 (Windows NT 10.0; Win64; x64) AppleWebKit/537.36 (KHTML, like Gecko) Chrome/149.0.0.0 Safari/537.36 Edg/149.0.0.0', '2026-06-25 17:02:47'),
(339, '/producto.html', '::1', 'Mozilla/5.0 (Windows NT 10.0; Win64; x64) AppleWebKit/537.36 (KHTML, like Gecko) Chrome/149.0.0.0 Safari/537.36 Edg/149.0.0.0', '2026-06-25 17:04:17'),
(340, '/producto.html', '::1', 'Mozilla/5.0 (Windows NT 10.0; Win64; x64) AppleWebKit/537.36 (KHTML, like Gecko) Chrome/149.0.0.0 Safari/537.36 Edg/149.0.0.0', '2026-06-25 17:05:18'),
(341, '/producto.html', '::1', 'Mozilla/5.0 (Windows NT 10.0; Win64; x64) AppleWebKit/537.36 (KHTML, like Gecko) Chrome/149.0.0.0 Safari/537.36 Edg/149.0.0.0', '2026-06-25 17:05:39'),
(342, '/producto.html', '::1', 'Mozilla/5.0 (Linux; Android 15; Pixel 9) AppleWebKit/537.36 (KHTML, like Gecko) Chrome/149.0.0.0 Mobile Safari/537.36', '2026-06-25 17:13:28'),
(343, '/producto.html', '::1', 'Mozilla/5.0 (Linux; Android 15; Pixel 9) AppleWebKit/537.36 (KHTML, like Gecko) Chrome/149.0.0.0 Mobile Safari/537.36', '2026-06-25 17:13:33'),
(344, '/producto.html', '::1', 'Mozilla/5.0 (Linux; Android 15; Pixel 9) AppleWebKit/537.36 (KHTML, like Gecko) Chrome/149.0.0.0 Mobile Safari/537.36', '2026-06-25 17:13:42'),
(345, '/index.html', '::1', 'Mozilla/5.0 (Windows NT 10.0; Win64; x64) AppleWebKit/537.36 (KHTML, like Gecko) Chrome/149.0.0.0 Safari/537.36 Edg/149.0.0.0', '2026-06-25 17:14:15'),
(346, '/producto.html', '::1', 'Mozilla/5.0 (Linux; Android 15; Pixel 9) AppleWebKit/537.36 (KHTML, like Gecko) Chrome/149.0.0.0 Mobile Safari/537.36', '2026-06-25 17:14:25'),
(347, '/producto.html', '::1', 'Mozilla/5.0 (Linux; Android 15; Pixel 9) AppleWebKit/537.36 (KHTML, like Gecko) Chrome/149.0.0.0 Mobile Safari/537.36', '2026-06-25 17:15:11'),
(348, '/producto.html', '::1', 'Mozilla/5.0 (Linux; Android 15; Pixel 9) AppleWebKit/537.36 (KHTML, like Gecko) Chrome/149.0.0.0 Mobile Safari/537.36', '2026-06-25 17:17:35'),
(349, '/producto.html', '::1', 'Mozilla/5.0 (Linux; Android 15; Pixel 9) AppleWebKit/537.36 (KHTML, like Gecko) Chrome/149.0.0.0 Mobile Safari/537.36', '2026-06-25 17:20:27'),
(350, '/producto.html', '::1', 'Mozilla/5.0 (Linux; Android 15; Pixel 9) AppleWebKit/537.36 (KHTML, like Gecko) Chrome/149.0.0.0 Mobile Safari/537.36', '2026-06-25 17:20:39'),
(351, '/producto.html', '::1', 'Mozilla/5.0 (Linux; Android 15; Pixel 9) AppleWebKit/537.36 (KHTML, like Gecko) Chrome/149.0.0.0 Mobile Safari/537.36', '2026-06-25 17:20:42'),
(352, '/producto.html', '::1', 'Mozilla/5.0 (Linux; Android 15; Pixel 9) AppleWebKit/537.36 (KHTML, like Gecko) Chrome/149.0.0.0 Mobile Safari/537.36', '2026-06-25 17:20:43'),
(353, '/producto.html', '::1', 'Mozilla/5.0 (Linux; Android 15; Pixel 9) AppleWebKit/537.36 (KHTML, like Gecko) Chrome/149.0.0.0 Mobile Safari/537.36', '2026-06-25 17:20:53'),
(354, '/producto.html', '::1', 'Mozilla/5.0 (Windows NT 10.0; Win64; x64) AppleWebKit/537.36 (KHTML, like Gecko) Chrome/149.0.0.0 Safari/537.36 Edg/149.0.0.0', '2026-06-25 17:21:00'),
(355, '/producto.html', '::1', 'Mozilla/5.0 (Windows NT 10.0; Win64; x64) AppleWebKit/537.36 (KHTML, like Gecko) Chrome/149.0.0.0 Safari/537.36 Edg/149.0.0.0', '2026-06-25 17:21:02'),
(356, '/producto.html', '::1', 'Mozilla/5.0 (Windows NT 10.0; Win64; x64) AppleWebKit/537.36 (KHTML, like Gecko) Chrome/149.0.0.0 Safari/537.36 Edg/149.0.0.0', '2026-06-25 17:21:21'),
(357, '/index.html', '::1', 'Mozilla/5.0 (Windows NT 10.0; Win64; x64) AppleWebKit/537.36 (KHTML, like Gecko) Chrome/149.0.0.0 Safari/537.36 Edg/149.0.0.0', '2026-06-25 17:21:28'),
(358, '/catalogo.html', '::1', 'Mozilla/5.0 (Windows NT 10.0; Win64; x64) AppleWebKit/537.36 (KHTML, like Gecko) Chrome/149.0.0.0 Safari/537.36 Edg/149.0.0.0', '2026-06-25 17:21:30'),
(359, '/catalogo.html', '::1', 'Mozilla/5.0 (Windows NT 10.0; Win64; x64) AppleWebKit/537.36 (KHTML, like Gecko) Chrome/149.0.0.0 Safari/537.36 Edg/149.0.0.0', '2026-06-25 17:21:31'),
(360, '/producto.html', '::1', 'Mozilla/5.0 (Windows NT 10.0; Win64; x64) AppleWebKit/537.36 (KHTML, like Gecko) Chrome/149.0.0.0 Safari/537.36 Edg/149.0.0.0', '2026-06-25 17:21:32'),
(361, '/producto.html', '::1', 'Mozilla/5.0 (Windows NT 10.0; Win64; x64) AppleWebKit/537.36 (KHTML, like Gecko) Chrome/149.0.0.0 Safari/537.36 Edg/149.0.0.0', '2026-06-25 17:21:32'),
(362, '/producto.html', '::1', 'Mozilla/5.0 (Windows NT 10.0; Win64; x64) AppleWebKit/537.36 (KHTML, like Gecko) Chrome/149.0.0.0 Safari/537.36 Edg/149.0.0.0', '2026-06-25 17:22:08'),
(363, '/producto.html', '::1', 'Mozilla/5.0 (Windows NT 10.0; Win64; x64) AppleWebKit/537.36 (KHTML, like Gecko) Chrome/149.0.0.0 Safari/537.36 Edg/149.0.0.0', '2026-06-25 17:22:10'),
(364, '/producto.html', '::1', 'Mozilla/5.0 (Windows NT 10.0; Win64; x64) AppleWebKit/537.36 (KHTML, like Gecko) Chrome/149.0.0.0 Safari/537.36 Edg/149.0.0.0', '2026-06-25 17:22:31'),
(365, '/producto.html', '::1', 'Mozilla/5.0 (Linux; Android 15; Pixel 9) AppleWebKit/537.36 (KHTML, like Gecko) Chrome/149.0.0.0 Mobile Safari/537.36', '2026-06-25 17:23:46'),
(366, '/producto.html', '::1', 'Mozilla/5.0 (Windows NT 10.0; Win64; x64) AppleWebKit/537.36 (KHTML, like Gecko) Chrome/149.0.0.0 Safari/537.36 Edg/149.0.0.0', '2026-06-25 17:24:10'),
(367, '/producto.html', '::1', 'Mozilla/5.0 (Linux; Android 15; Pixel 9) AppleWebKit/537.36 (KHTML, like Gecko) Chrome/149.0.0.0 Mobile Safari/537.36', '2026-06-25 17:26:39'),
(368, '/producto.html', '::1', 'Mozilla/5.0 (Windows NT 10.0; Win64; x64) AppleWebKit/537.36 (KHTML, like Gecko) Chrome/149.0.0.0 Safari/537.36 Edg/149.0.0.0', '2026-06-25 17:26:43'),
(369, '/producto.html', '::1', 'Mozilla/5.0 (Linux; Android 15; Pixel 9) AppleWebKit/537.36 (KHTML, like Gecko) Chrome/149.0.0.0 Mobile Safari/537.36', '2026-06-25 17:30:13'),
(370, '/producto.html', '::1', 'Mozilla/5.0 (Linux; Android 15; Pixel 9) AppleWebKit/537.36 (KHTML, like Gecko) Chrome/149.0.0.0 Mobile Safari/537.36', '2026-06-25 17:37:50'),
(371, '/producto.html', '::1', 'Mozilla/5.0 (Linux; Android 15; Pixel 9) AppleWebKit/537.36 (KHTML, like Gecko) Chrome/149.0.0.0 Mobile Safari/537.36', '2026-06-25 17:40:59'),
(372, '/producto.html', '::1', 'Mozilla/5.0 (Linux; Android 15; Pixel 9) AppleWebKit/537.36 (KHTML, like Gecko) Chrome/149.0.0.0 Mobile Safari/537.36', '2026-06-25 17:41:44'),
(373, '/index.html', '::1', 'Mozilla/5.0 (Windows NT 10.0; Win64; x64) AppleWebKit/537.36 (KHTML, like Gecko) Chrome/149.0.0.0 Safari/537.36 Edg/149.0.0.0', '2026-06-25 18:32:13'),
(374, '/index.html', '::1', 'Mozilla/5.0 (Windows NT 10.0; Win64; x64) AppleWebKit/537.36 (KHTML, like Gecko) Chrome/149.0.0.0 Safari/537.36 Edg/149.0.0.0', '2026-06-25 18:40:14'),
(375, '/index.html', '::1', 'Mozilla/5.0 (Windows NT 10.0; Win64; x64) AppleWebKit/537.36 (KHTML, like Gecko) Chrome/149.0.0.0 Safari/537.36 Edg/149.0.0.0', '2026-06-25 18:42:44'),
(376, '/index.html', '::1', 'Mozilla/5.0 (Windows NT 10.0; Win64; x64) AppleWebKit/537.36 (KHTML, like Gecko) Chrome/149.0.0.0 Safari/537.36 Edg/149.0.0.0', '2026-06-25 19:10:36'),
(377, '/', '::1', 'Mozilla/5.0 (Windows NT 10.0; Win64; x64) AppleWebKit/537.36 (KHTML, like Gecko) Chrome/149.0.0.0 Safari/537.36 Edg/149.0.0.0', '2026-06-25 19:35:13'),
(378, '/', '::1', 'Mozilla/5.0 (Windows NT 10.0; Win64; x64) AppleWebKit/537.36 (KHTML, like Gecko) Chrome/149.0.0.0 Safari/537.36 Edg/149.0.0.0', '2026-06-25 19:38:26'),
(379, '/', '::1', 'Mozilla/5.0 (Windows NT 10.0; Win64; x64) AppleWebKit/537.36 (KHTML, like Gecko) Chrome/149.0.0.0 Safari/537.36 Edg/149.0.0.0', '2026-06-25 19:40:27'),
(380, '/', '::1', 'Mozilla/5.0 (Windows NT 10.0; Win64; x64) AppleWebKit/537.36 (KHTML, like Gecko) Chrome/149.0.0.0 Safari/537.36 Edg/149.0.0.0', '2026-06-25 19:40:51'),
(381, '/producto.html', '::1', 'Mozilla/5.0 (Windows NT 10.0; Win64; x64) AppleWebKit/537.36 (KHTML, like Gecko) Chrome/149.0.0.0 Safari/537.36 Edg/149.0.0.0', '2026-06-25 19:41:29'),
(382, '/', '::1', 'Mozilla/5.0 (Windows NT 10.0; Win64; x64) AppleWebKit/537.36 (KHTML, like Gecko) Chrome/149.0.0.0 Safari/537.36 Edg/149.0.0.0', '2026-06-25 19:47:02'),
(383, '/', '::1', 'Mozilla/5.0 (Windows NT 10.0; Win64; x64) AppleWebKit/537.36 (KHTML, like Gecko) Chrome/149.0.0.0 Safari/537.36 Edg/149.0.0.0', '2026-06-25 19:47:22'),
(384, '/', '::1', 'Mozilla/5.0 (Windows NT 10.0; Win64; x64) AppleWebKit/537.36 (KHTML, like Gecko) Chrome/149.0.0.0 Safari/537.36 Edg/149.0.0.0', '2026-06-25 19:47:41'),
(385, '/', '::1', 'Mozilla/5.0 (Windows NT 10.0; Win64; x64) AppleWebKit/537.36 (KHTML, like Gecko) Chrome/149.0.0.0 Safari/537.36 Edg/149.0.0.0', '2026-06-25 19:47:53'),
(386, '/', '::1', 'Mozilla/5.0 (Windows NT 10.0; Win64; x64) AppleWebKit/537.36 (KHTML, like Gecko) Chrome/149.0.0.0 Safari/537.36 Edg/149.0.0.0', '2026-06-25 19:48:10'),
(387, '/', '::1', 'Mozilla/5.0 (Windows NT 10.0; Win64; x64) AppleWebKit/537.36 (KHTML, like Gecko) Chrome/149.0.0.0 Safari/537.36 Edg/149.0.0.0', '2026-06-25 19:51:45'),
(388, '/', '::1', 'Mozilla/5.0 (Windows NT 10.0; Win64; x64) AppleWebKit/537.36 (KHTML, like Gecko) Chrome/149.0.0.0 Safari/537.36 Edg/149.0.0.0', '2026-06-25 20:02:19'),
(389, '/', '::1', 'Mozilla/5.0 (Windows NT 10.0; Win64; x64) AppleWebKit/537.36 (KHTML, like Gecko) Chrome/149.0.0.0 Safari/537.36 Edg/149.0.0.0', '2026-06-25 20:14:26'),
(390, '/catalogo.html', '::1', 'Mozilla/5.0 (Windows NT 10.0; Win64; x64) AppleWebKit/537.36 (KHTML, like Gecko) Chrome/149.0.0.0 Safari/537.36 Edg/149.0.0.0', '2026-06-25 20:14:27'),
(391, '/catalogo.html', '::1', 'Mozilla/5.0 (Windows NT 10.0; Win64; x64) AppleWebKit/537.36 (KHTML, like Gecko) Chrome/149.0.0.0 Safari/537.36 Edg/149.0.0.0', '2026-06-25 20:15:27'),
(392, '/catalogo.html', '::1', 'Mozilla/5.0 (Windows NT 10.0; Win64; x64) AppleWebKit/537.36 (KHTML, like Gecko) Chrome/149.0.0.0 Safari/537.36 Edg/149.0.0.0', '2026-06-25 20:15:33'),
(393, '/catalogo.html', '::1', 'Mozilla/5.0 (Windows NT 10.0; Win64; x64) AppleWebKit/537.36 (KHTML, like Gecko) Chrome/149.0.0.0 Safari/537.36 Edg/149.0.0.0', '2026-06-25 20:15:49'),
(394, '/index.html', '::1', 'Mozilla/5.0 (Windows NT 10.0; Win64; x64) AppleWebKit/537.36 (KHTML, like Gecko) Chrome/149.0.0.0 Safari/537.36 Edg/149.0.0.0', '2026-06-25 20:17:23'),
(395, '/catalogo.html', '::1', 'Mozilla/5.0 (Windows NT 10.0; Win64; x64) AppleWebKit/537.36 (KHTML, like Gecko) Chrome/149.0.0.0 Safari/537.36 Edg/149.0.0.0', '2026-06-25 20:17:27'),
(396, '/catalogo.html', '::1', 'Mozilla/5.0 (Windows NT 10.0; Win64; x64) AppleWebKit/537.36 (KHTML, like Gecko) Chrome/149.0.0.0 Safari/537.36 Edg/149.0.0.0', '2026-06-25 20:19:14'),
(397, '/catalogo.html', '::1', 'Mozilla/5.0 (Windows NT 10.0; Win64; x64) AppleWebKit/537.36 (KHTML, like Gecko) Chrome/149.0.0.0 Safari/537.36 Edg/149.0.0.0', '2026-06-25 20:19:27'),
(398, '/catalogo.html', '::1', 'Mozilla/5.0 (Windows NT 10.0; Win64; x64) AppleWebKit/537.36 (KHTML, like Gecko) Chrome/149.0.0.0 Safari/537.36 Edg/149.0.0.0', '2026-06-25 20:19:45'),
(399, '/producto.html', '::1', 'Mozilla/5.0 (Windows NT 10.0; Win64; x64) AppleWebKit/537.36 (KHTML, like Gecko) Chrome/149.0.0.0 Safari/537.36 Edg/149.0.0.0', '2026-06-25 20:20:31'),
(400, '/producto.html', '::1', 'Mozilla/5.0 (Windows NT 10.0; Win64; x64) AppleWebKit/537.36 (KHTML, like Gecko) Chrome/149.0.0.0 Safari/537.36 Edg/149.0.0.0', '2026-06-25 20:21:41'),
(401, '/producto.html', '::1', 'Mozilla/5.0 (Windows NT 10.0; Win64; x64) AppleWebKit/537.36 (KHTML, like Gecko) Chrome/149.0.0.0 Safari/537.36 Edg/149.0.0.0', '2026-06-25 20:22:15'),
(402, '/producto.html', '::1', 'Mozilla/5.0 (Windows NT 10.0; Win64; x64) AppleWebKit/537.36 (KHTML, like Gecko) Chrome/149.0.0.0 Safari/537.36 Edg/149.0.0.0', '2026-06-25 20:23:33'),
(403, '/producto.html', '::1', 'Mozilla/5.0 (Windows NT 10.0; Win64; x64) AppleWebKit/537.36 (KHTML, like Gecko) Chrome/149.0.0.0 Safari/537.36 Edg/149.0.0.0', '2026-06-25 20:23:45'),
(404, '/producto.html', '::1', 'Mozilla/5.0 (Windows NT 10.0; Win64; x64) AppleWebKit/537.36 (KHTML, like Gecko) Chrome/149.0.0.0 Safari/537.36 Edg/149.0.0.0', '2026-06-25 20:38:05'),
(405, '/producto.html', '::1', 'Mozilla/5.0 (Linux; Android 15; Pixel 9) AppleWebKit/537.36 (KHTML, like Gecko) Chrome/149.0.0.0 Mobile Safari/537.36', '2026-06-25 20:42:37'),
(406, '/producto.html', '::1', 'Mozilla/5.0 (Windows NT 10.0; Win64; x64) AppleWebKit/537.36 (KHTML, like Gecko) Chrome/149.0.0.0 Safari/537.36 Edg/149.0.0.0', '2026-06-25 20:42:42'),
(407, '/producto.html', '::1', 'Mozilla/5.0 (Windows NT 10.0; Win64; x64) AppleWebKit/537.36 (KHTML, like Gecko) Chrome/149.0.0.0 Safari/537.36 Edg/149.0.0.0', '2026-06-25 20:42:46'),
(408, '/producto.html', '::1', 'Mozilla/5.0 (Windows NT 10.0; Win64; x64) AppleWebKit/537.36 (KHTML, like Gecko) Chrome/149.0.0.0 Safari/537.36 Edg/149.0.0.0', '2026-06-25 20:43:08'),
(409, '/producto.html', '::1', 'Mozilla/5.0 (Windows NT 10.0; Win64; x64) AppleWebKit/537.36 (KHTML, like Gecko) Chrome/149.0.0.0 Safari/537.36 Edg/149.0.0.0', '2026-06-25 20:43:09'),
(410, '/producto.html', '::1', 'Mozilla/5.0 (Windows NT 10.0; Win64; x64) AppleWebKit/537.36 (KHTML, like Gecko) Chrome/149.0.0.0 Safari/537.36 Edg/149.0.0.0', '2026-06-25 20:43:13'),
(411, '/producto.html', '::1', 'Mozilla/5.0 (Windows NT 10.0; Win64; x64) AppleWebKit/537.36 (KHTML, like Gecko) Chrome/149.0.0.0 Safari/537.36 Edg/149.0.0.0', '2026-06-25 20:44:00'),
(412, '/producto.html', '::1', 'Mozilla/5.0 (Windows NT 10.0; Win64; x64) AppleWebKit/537.36 (KHTML, like Gecko) Chrome/149.0.0.0 Safari/537.36 Edg/149.0.0.0', '2026-06-25 20:44:06'),
(413, '/producto.html', '::1', 'Mozilla/5.0 (Windows NT 10.0; Win64; x64) AppleWebKit/537.36 (KHTML, like Gecko) Chrome/149.0.0.0 Safari/537.36 Edg/149.0.0.0', '2026-06-25 20:44:11'),
(414, '/index.html', '::1', 'Mozilla/5.0 (Windows NT 10.0; Win64; x64) AppleWebKit/537.36 (KHTML, like Gecko) Chrome/149.0.0.0 Safari/537.36 Edg/149.0.0.0', '2026-06-25 20:53:51'),
(415, '/producto.html', '::1', 'Mozilla/5.0 (Windows NT 10.0; Win64; x64) AppleWebKit/537.36 (KHTML, like Gecko) Chrome/149.0.0.0 Safari/537.36 Edg/149.0.0.0', '2026-06-25 20:53:54'),
(416, '/producto.html', '::1', 'Mozilla/5.0 (Windows NT 10.0; Win64; x64) AppleWebKit/537.36 (KHTML, like Gecko) Chrome/149.0.0.0 Safari/537.36 Edg/149.0.0.0', '2026-06-25 20:58:10'),
(417, '/producto.html', '::1', 'Mozilla/5.0 (Windows NT 10.0; Win64; x64) AppleWebKit/537.36 (KHTML, like Gecko) Chrome/149.0.0.0 Safari/537.36 Edg/149.0.0.0', '2026-06-25 20:59:20'),
(418, '/producto.html', '::1', 'Mozilla/5.0 (Windows NT 10.0; Win64; x64) AppleWebKit/537.36 (KHTML, like Gecko) Chrome/149.0.0.0 Safari/537.36 Edg/149.0.0.0', '2026-06-25 20:59:24'),
(419, '/producto.html', '::1', 'Mozilla/5.0 (Windows NT 10.0; Win64; x64) AppleWebKit/537.36 (KHTML, like Gecko) Chrome/149.0.0.0 Safari/537.36 Edg/149.0.0.0', '2026-06-25 20:59:32'),
(420, '/producto.html', '::1', 'Mozilla/5.0 (Windows NT 10.0; Win64; x64) AppleWebKit/537.36 (KHTML, like Gecko) Chrome/149.0.0.0 Safari/537.36 Edg/149.0.0.0', '2026-06-25 21:07:54'),
(421, '/producto.html', '::1', 'Mozilla/5.0 (Linux; Android 15; Pixel 9) AppleWebKit/537.36 (KHTML, like Gecko) Chrome/149.0.0.0 Mobile Safari/537.36', '2026-06-25 21:10:17'),
(422, '/producto.html', '::1', 'Mozilla/5.0 (Windows NT 10.0; Win64; x64) AppleWebKit/537.36 (KHTML, like Gecko) Chrome/149.0.0.0 Safari/537.36 Edg/149.0.0.0', '2026-06-25 21:17:21'),
(423, '/producto.html', '::1', 'Mozilla/5.0 (Windows NT 10.0; Win64; x64) AppleWebKit/537.36 (KHTML, like Gecko) Chrome/149.0.0.0 Safari/537.36 Edg/149.0.0.0', '2026-06-25 21:17:45'),
(424, '/producto.html', '::1', 'Mozilla/5.0 (Linux; Android 15; Pixel 9) AppleWebKit/537.36 (KHTML, like Gecko) Chrome/149.0.0.0 Mobile Safari/537.36', '2026-06-25 21:18:40'),
(425, '/producto.html', '::1', 'Mozilla/5.0 (Windows NT 10.0; Win64; x64) AppleWebKit/537.36 (KHTML, like Gecko) Chrome/149.0.0.0 Safari/537.36 Edg/149.0.0.0', '2026-06-25 21:21:06'),
(426, '/index.html', '::1', 'Mozilla/5.0 (Windows NT 10.0; Win64; x64) AppleWebKit/537.36 (KHTML, like Gecko) Chrome/149.0.0.0 Safari/537.36 Edg/149.0.0.0', '2026-06-25 21:22:25'),
(427, '/producto.html', '::1', 'Mozilla/5.0 (Windows NT 10.0; Win64; x64) AppleWebKit/537.36 (KHTML, like Gecko) Chrome/149.0.0.0 Safari/537.36 Edg/149.0.0.0', '2026-06-25 21:22:56'),
(428, '/producto.html', '::1', 'Mozilla/5.0 (Windows NT 10.0; Win64; x64) AppleWebKit/537.36 (KHTML, like Gecko) Chrome/149.0.0.0 Safari/537.36 Edg/149.0.0.0', '2026-06-25 21:26:05'),
(429, '/producto.html', '::1', 'Mozilla/5.0 (Windows NT 10.0; Win64; x64) AppleWebKit/537.36 (KHTML, like Gecko) Chrome/149.0.0.0 Safari/537.36 Edg/149.0.0.0', '2026-06-25 21:26:26'),
(430, '/producto.html', '::1', 'Mozilla/5.0 (Windows NT 10.0; Win64; x64) AppleWebKit/537.36 (KHTML, like Gecko) Chrome/149.0.0.0 Safari/537.36 Edg/149.0.0.0', '2026-06-25 21:27:45'),
(431, '/producto.html', '::1', 'Mozilla/5.0 (Windows NT 10.0; Win64; x64) AppleWebKit/537.36 (KHTML, like Gecko) Chrome/149.0.0.0 Safari/537.36 Edg/149.0.0.0', '2026-06-25 21:37:00'),
(432, '/producto.html', '::1', 'Mozilla/5.0 (Windows NT 10.0; Win64; x64) AppleWebKit/537.36 (KHTML, like Gecko) Chrome/149.0.0.0 Safari/537.36 Edg/149.0.0.0', '2026-06-25 21:37:11'),
(433, '/producto.html', '::1', 'Mozilla/5.0 (Windows NT 10.0; Win64; x64) AppleWebKit/537.36 (KHTML, like Gecko) Chrome/149.0.0.0 Safari/537.36 Edg/149.0.0.0', '2026-06-25 21:37:18'),
(434, '/producto.html', '::1', 'Mozilla/5.0 (Windows NT 10.0; Win64; x64) AppleWebKit/537.36 (KHTML, like Gecko) Chrome/149.0.0.0 Safari/537.36 Edg/149.0.0.0', '2026-06-25 21:42:42'),
(435, '/producto.html', '::1', 'Mozilla/5.0 (Windows NT 10.0; Win64; x64) AppleWebKit/537.36 (KHTML, like Gecko) Chrome/149.0.0.0 Safari/537.36 Edg/149.0.0.0', '2026-06-25 21:42:43'),
(436, '/producto.html', '::1', 'Mozilla/5.0 (Windows NT 10.0; Win64; x64) AppleWebKit/537.36 (KHTML, like Gecko) Chrome/149.0.0.0 Safari/537.36 Edg/149.0.0.0', '2026-06-25 21:43:09'),
(437, '/producto.html', '::1', 'Mozilla/5.0 (Windows NT 10.0; Win64; x64) AppleWebKit/537.36 (KHTML, like Gecko) Chrome/149.0.0.0 Safari/537.36 Edg/149.0.0.0', '2026-06-25 21:43:30'),
(438, '/producto.html', '::1', 'Mozilla/5.0 (Windows NT 10.0; Win64; x64) AppleWebKit/537.36 (KHTML, like Gecko) Chrome/149.0.0.0 Safari/537.36 Edg/149.0.0.0', '2026-06-25 21:43:46'),
(439, '/producto.html', '::1', 'Mozilla/5.0 (Windows NT 10.0; Win64; x64) AppleWebKit/537.36 (KHTML, like Gecko) Chrome/149.0.0.0 Safari/537.36 Edg/149.0.0.0', '2026-06-25 21:44:27'),
(440, '/producto.html', '::1', 'Mozilla/5.0 (Windows NT 10.0; Win64; x64) AppleWebKit/537.36 (KHTML, like Gecko) Chrome/149.0.0.0 Safari/537.36 Edg/149.0.0.0', '2026-06-25 21:45:01'),
(441, '/producto.html', '::1', 'Mozilla/5.0 (Windows NT 10.0; Win64; x64) AppleWebKit/537.36 (KHTML, like Gecko) Chrome/149.0.0.0 Safari/537.36 Edg/149.0.0.0', '2026-06-25 21:49:40'),
(442, '/producto.html', '::1', 'Mozilla/5.0 (Windows NT 10.0; Win64; x64) AppleWebKit/537.36 (KHTML, like Gecko) Chrome/149.0.0.0 Safari/537.36 Edg/149.0.0.0', '2026-06-25 21:49:50'),
(443, '/producto.html', '::1', 'Mozilla/5.0 (Windows NT 10.0; Win64; x64) AppleWebKit/537.36 (KHTML, like Gecko) Chrome/149.0.0.0 Safari/537.36 Edg/149.0.0.0', '2026-06-25 21:57:48'),
(444, '/producto.html', '::1', 'Mozilla/5.0 (Windows NT 10.0; Win64; x64) AppleWebKit/537.36 (KHTML, like Gecko) Chrome/149.0.0.0 Safari/537.36 Edg/149.0.0.0', '2026-06-25 22:01:45'),
(445, '/producto.html', '::1', 'Mozilla/5.0 (Windows NT 10.0; Win64; x64) AppleWebKit/537.36 (KHTML, like Gecko) Chrome/149.0.0.0 Safari/537.36 Edg/149.0.0.0', '2026-06-25 22:02:59'),
(446, '/index.html', '::1', 'Mozilla/5.0 (Windows NT 10.0; Win64; x64) AppleWebKit/537.36 (KHTML, like Gecko) Chrome/149.0.0.0 Safari/537.36 Edg/149.0.0.0', '2026-06-25 23:29:10'),
(447, '/index.html', '::1', 'Mozilla/5.0 (Windows NT 10.0; Win64; x64) AppleWebKit/537.36 (KHTML, like Gecko) Chrome/149.0.0.0 Safari/537.36 Edg/149.0.0.0', '2026-06-25 23:40:20'),
(448, '/producto.html', '::1', 'Mozilla/5.0 (Linux; Android 15; Pixel 9) AppleWebKit/537.36 (KHTML, like Gecko) Chrome/149.0.0.0 Mobile Safari/537.36', '2026-06-25 23:44:30'),
(449, '/producto.html', '::1', 'Mozilla/5.0 (Linux; Android 15; Pixel 9) AppleWebKit/537.36 (KHTML, like Gecko) Chrome/149.0.0.0 Mobile Safari/537.36', '2026-06-25 23:44:40'),
(450, '/producto.html', '::1', 'Mozilla/5.0 (Linux; Android 15; Pixel 9) AppleWebKit/537.36 (KHTML, like Gecko) Chrome/149.0.0.0 Mobile Safari/537.36', '2026-06-25 23:49:30'),
(451, '/producto.html', '::1', 'Mozilla/5.0 (Windows NT 10.0; Win64; x64) AppleWebKit/537.36 (KHTML, like Gecko) Chrome/149.0.0.0 Safari/537.36 Edg/149.0.0.0', '2026-06-25 23:50:34'),
(452, '/index.html', '::1', 'Mozilla/5.0 (Windows NT 10.0; Win64; x64) AppleWebKit/537.36 (KHTML, like Gecko) Chrome/149.0.0.0 Safari/537.36 Edg/149.0.0.0', '2026-06-25 23:50:40'),
(453, '/producto.html', '::1', 'Mozilla/5.0 (Windows NT 10.0; Win64; x64) AppleWebKit/537.36 (KHTML, like Gecko) Chrome/149.0.0.0 Safari/537.36 Edg/149.0.0.0', '2026-06-25 23:50:43'),
(454, '/index.html', '::1', 'Mozilla/5.0 (Windows NT 10.0; Win64; x64) AppleWebKit/537.36 (KHTML, like Gecko) Chrome/149.0.0.0 Safari/537.36 Edg/149.0.0.0', '2026-06-25 23:50:49'),
(455, '/producto.html', '::1', 'Mozilla/5.0 (Windows NT 10.0; Win64; x64) AppleWebKit/537.36 (KHTML, like Gecko) Chrome/149.0.0.0 Safari/537.36 Edg/149.0.0.0', '2026-06-25 23:50:52'),
(456, '/producto.html', '::1', 'Mozilla/5.0 (Windows NT 10.0; Win64; x64) AppleWebKit/537.36 (KHTML, like Gecko) Chrome/149.0.0.0 Safari/537.36 Edg/149.0.0.0', '2026-06-25 23:50:56'),
(457, '/producto.html', '::1', 'Mozilla/5.0 (Windows NT 10.0; Win64; x64) AppleWebKit/537.36 (KHTML, like Gecko) Chrome/149.0.0.0 Safari/537.36 Edg/149.0.0.0', '2026-06-25 23:50:58'),
(458, '/producto.html', '::1', 'Mozilla/5.0 (Windows NT 10.0; Win64; x64) AppleWebKit/537.36 (KHTML, like Gecko) Chrome/149.0.0.0 Safari/537.36 Edg/149.0.0.0', '2026-06-25 23:51:01'),
(459, '/index.html', '::1', 'Mozilla/5.0 (Windows NT 10.0; Win64; x64) AppleWebKit/537.36 (KHTML, like Gecko) Chrome/149.0.0.0 Safari/537.36 Edg/149.0.0.0', '2026-06-25 23:53:05'),
(460, '/index.html', '::1', 'Mozilla/5.0 (Windows NT 10.0; Win64; x64) AppleWebKit/537.36 (KHTML, like Gecko) Chrome/149.0.0.0 Safari/537.36 Edg/149.0.0.0', '2026-06-25 23:55:07'),
(461, '/producto.html', '::1', 'Mozilla/5.0 (Windows NT 10.0; Win64; x64) AppleWebKit/537.36 (KHTML, like Gecko) Chrome/149.0.0.0 Safari/537.36 Edg/149.0.0.0', '2026-06-25 23:55:25'),
(462, '/producto.html', '::1', 'Mozilla/5.0 (Windows NT 10.0; Win64; x64) AppleWebKit/537.36 (KHTML, like Gecko) Chrome/149.0.0.0 Safari/537.36 Edg/149.0.0.0', '2026-06-25 23:56:03'),
(463, '/catalogo.html', '::1', 'Mozilla/5.0 (Windows NT 10.0; Win64; x64) AppleWebKit/537.36 (KHTML, like Gecko) Chrome/149.0.0.0 Safari/537.36 Edg/149.0.0.0', '2026-06-25 23:56:05'),
(464, '/producto.html', '::1', 'Mozilla/5.0 (Windows NT 10.0; Win64; x64) AppleWebKit/537.36 (KHTML, like Gecko) Chrome/149.0.0.0 Safari/537.36 Edg/149.0.0.0', '2026-06-25 23:56:10'),
(465, '/catalogo.html', '::1', 'Mozilla/5.0 (Windows NT 10.0; Win64; x64) AppleWebKit/537.36 (KHTML, like Gecko) Chrome/149.0.0.0 Safari/537.36 Edg/149.0.0.0', '2026-06-25 23:57:12'),
(466, '/catalogo.html', '::1', 'Mozilla/5.0 (Windows NT 10.0; Win64; x64) AppleWebKit/537.36 (KHTML, like Gecko) Chrome/149.0.0.0 Safari/537.36 Edg/149.0.0.0', '2026-06-25 23:59:59'),
(467, '/producto.html', '::1', 'Mozilla/5.0 (Windows NT 10.0; Win64; x64) AppleWebKit/537.36 (KHTML, like Gecko) Chrome/149.0.0.0 Safari/537.36 Edg/149.0.0.0', '2026-06-26 00:01:01'),
(468, '/catalogo.html', '::1', 'Mozilla/5.0 (Windows NT 10.0; Win64; x64) AppleWebKit/537.36 (KHTML, like Gecko) Chrome/149.0.0.0 Safari/537.36 Edg/149.0.0.0', '2026-06-26 00:01:36'),
(469, '/producto.html', '::1', 'Mozilla/5.0 (Linux; Android 15; Pixel 9) AppleWebKit/537.36 (KHTML, like Gecko) Chrome/149.0.0.0 Mobile Safari/537.36', '2026-06-26 00:07:11'),
(470, '/producto.html', '::1', 'Mozilla/5.0 (Linux; Android 15; Pixel 9) AppleWebKit/537.36 (KHTML, like Gecko) Chrome/149.0.0.0 Mobile Safari/537.36', '2026-06-26 00:07:18'),
(471, '/producto.html', '::1', 'Mozilla/5.0 (Linux; Android 15; Pixel 9) AppleWebKit/537.36 (KHTML, like Gecko) Chrome/149.0.0.0 Mobile Safari/537.36', '2026-06-26 00:10:03'),
(472, '/index.html', '::1', 'Mozilla/5.0 (Windows NT 10.0; Win64; x64) AppleWebKit/537.36 (KHTML, like Gecko) Chrome/149.0.0.0 Safari/537.36 Edg/149.0.0.0', '2026-06-26 00:14:07'),
(473, '/catalogo.html', '::1', 'Mozilla/5.0 (Windows NT 10.0; Win64; x64) AppleWebKit/537.36 (KHTML, like Gecko) Chrome/149.0.0.0 Safari/537.36 Edg/149.0.0.0', '2026-06-26 00:15:17'),
(474, '/index.html', '::1', 'Mozilla/5.0 (Windows NT 10.0; Win64; x64) AppleWebKit/537.36 (KHTML, like Gecko) Chrome/149.0.0.0 Safari/537.36 Edg/149.0.0.0', '2026-06-26 00:16:05'),
(475, '/catalogo.html', '::1', 'Mozilla/5.0 (Windows NT 10.0; Win64; x64) AppleWebKit/537.36 (KHTML, like Gecko) Chrome/149.0.0.0 Safari/537.36 Edg/149.0.0.0', '2026-06-26 00:16:27'),
(476, '/catalogo.html', '::1', 'Mozilla/5.0 (Windows NT 10.0; Win64; x64) AppleWebKit/537.36 (KHTML, like Gecko) Chrome/149.0.0.0 Safari/537.36 Edg/149.0.0.0', '2026-06-26 00:16:36'),
(477, '/catalogo.html', '::1', 'Mozilla/5.0 (Windows NT 10.0; Win64; x64) AppleWebKit/537.36 (KHTML, like Gecko) Chrome/149.0.0.0 Safari/537.36 Edg/149.0.0.0', '2026-06-26 00:18:12'),
(478, '/catalogo.html', '::1', 'Mozilla/5.0 (Linux; Android 15; Pixel 9) AppleWebKit/537.36 (KHTML, like Gecko) Chrome/149.0.0.0 Mobile Safari/537.36', '2026-06-26 00:19:10'),
(479, '/', '::1', 'Mozilla/5.0 (Windows NT 10.0; Win64; x64) AppleWebKit/537.36 (KHTML, like Gecko) Chrome/149.0.0.0 Safari/537.36 Edg/149.0.0.0', '2026-06-26 00:25:07'),
(480, '/catalogo.html', '::1', 'Mozilla/5.0 (Windows NT 10.0; Win64; x64) AppleWebKit/537.36 (KHTML, like Gecko) Chrome/149.0.0.0 Safari/537.36 Edg/149.0.0.0', '2026-06-26 00:25:20'),
(481, '/catalogo.html', '::1', 'Mozilla/5.0 (Windows NT 10.0; Win64; x64) AppleWebKit/537.36 (KHTML, like Gecko) Chrome/149.0.0.0 Safari/537.36 Edg/149.0.0.0', '2026-06-26 00:25:26'),
(482, '/catalogo.html', '::1', 'Mozilla/5.0 (Windows NT 10.0; Win64; x64) AppleWebKit/537.36 (KHTML, like Gecko) Chrome/149.0.0.0 Safari/537.36 Edg/149.0.0.0', '2026-06-26 00:28:12'),
(483, '/producto.html', '::1', 'Mozilla/5.0 (Windows NT 10.0; Win64; x64) AppleWebKit/537.36 (KHTML, like Gecko) Chrome/149.0.0.0 Safari/537.36 Edg/149.0.0.0', '2026-06-26 00:32:18'),
(484, '/catalogo.html', '::1', 'Mozilla/5.0 (Linux; Android 15; Pixel 9) AppleWebKit/537.36 (KHTML, like Gecko) Chrome/149.0.0.0 Mobile Safari/537.36', '2026-06-26 00:32:38'),
(485, '/catalogo.html', '::1', 'Mozilla/5.0 (Windows NT 10.0; Win64; x64) AppleWebKit/537.36 (KHTML, like Gecko) Chrome/149.0.0.0 Safari/537.36 Edg/149.0.0.0', '2026-06-26 00:33:14'),
(486, '/catalogo.html', '::1', 'Mozilla/5.0 (Linux; Android 15; Pixel 9) AppleWebKit/537.36 (KHTML, like Gecko) Chrome/149.0.0.0 Mobile Safari/537.36', '2026-06-26 00:37:08'),
(487, '/catalogo.html', '::1', 'Mozilla/5.0 (Linux; Android 15; Pixel 9) AppleWebKit/537.36 (KHTML, like Gecko) Chrome/149.0.0.0 Mobile Safari/537.36', '2026-06-26 00:37:40'),
(488, '/index.html', '::1', 'Mozilla/5.0 (Linux; Android 15; Pixel 9) AppleWebKit/537.36 (KHTML, like Gecko) Chrome/149.0.0.0 Mobile Safari/537.36', '2026-06-26 00:40:42'),
(489, '/catalogo.html', '::1', 'Mozilla/5.0 (Linux; Android 15; Pixel 9) AppleWebKit/537.36 (KHTML, like Gecko) Chrome/149.0.0.0 Mobile Safari/537.36', '2026-06-26 00:41:04'),
(490, '/catalogo.html', '::1', 'Mozilla/5.0 (Linux; Android 15; Pixel 9) AppleWebKit/537.36 (KHTML, like Gecko) Chrome/149.0.0.0 Mobile Safari/537.36', '2026-06-26 00:41:48'),
(491, '/index.html', '::1', 'Mozilla/5.0 (Linux; Android 15; Pixel 9) AppleWebKit/537.36 (KHTML, like Gecko) Chrome/149.0.0.0 Mobile Safari/537.36', '2026-06-26 00:41:51'),
(492, '/catalogo.html', '::1', 'Mozilla/5.0 (Linux; Android 15; Pixel 9) AppleWebKit/537.36 (KHTML, like Gecko) Chrome/149.0.0.0 Mobile Safari/537.36', '2026-06-26 00:43:15'),
(493, '/index.html', '::1', 'Mozilla/5.0 (Windows NT 10.0; Win64; x64) AppleWebKit/537.36 (KHTML, like Gecko) Chrome/149.0.0.0 Safari/537.36 Edg/149.0.0.0', '2026-06-26 00:45:11'),
(494, '/catalogo.html', '::1', 'Mozilla/5.0 (Windows NT 10.0; Win64; x64) AppleWebKit/537.36 (KHTML, like Gecko) Chrome/149.0.0.0 Safari/537.36 Edg/149.0.0.0', '2026-06-26 00:45:19'),
(495, '/catalogo.html', '::1', 'Mozilla/5.0 (Windows NT 10.0; Win64; x64) AppleWebKit/537.36 (KHTML, like Gecko) Chrome/149.0.0.0 Safari/537.36 Edg/149.0.0.0', '2026-06-26 00:46:53'),
(496, '/catalogo.html', '::1', 'Mozilla/5.0 (Windows NT 10.0; Win64; x64) AppleWebKit/537.36 (KHTML, like Gecko) Chrome/149.0.0.0 Safari/537.36 Edg/149.0.0.0', '2026-06-26 00:47:00'),
(497, '/catalogo.html', '::1', 'Mozilla/5.0 (Windows NT 10.0; Win64; x64) AppleWebKit/537.36 (KHTML, like Gecko) Chrome/149.0.0.0 Safari/537.36 Edg/149.0.0.0', '2026-06-26 00:47:03'),
(498, '/catalogo.html', '::1', 'Mozilla/5.0 (Windows NT 10.0; Win64; x64) AppleWebKit/537.36 (KHTML, like Gecko) Chrome/149.0.0.0 Safari/537.36 Edg/149.0.0.0', '2026-06-26 00:47:10'),
(499, '/catalogo.html', '::1', 'Mozilla/5.0 (Windows NT 10.0; Win64; x64) AppleWebKit/537.36 (KHTML, like Gecko) Chrome/149.0.0.0 Safari/537.36 Edg/149.0.0.0', '2026-06-26 00:47:11'),
(500, '/catalogo.html', '::1', 'Mozilla/5.0 (Windows NT 10.0; Win64; x64) AppleWebKit/537.36 (KHTML, like Gecko) Chrome/149.0.0.0 Safari/537.36 Edg/149.0.0.0', '2026-06-26 00:47:15'),
(501, '/catalogo.html', '::1', 'Mozilla/5.0 (Windows NT 10.0; Win64; x64) AppleWebKit/537.36 (KHTML, like Gecko) Chrome/149.0.0.0 Safari/537.36 Edg/149.0.0.0', '2026-06-26 00:47:17'),
(502, '/catalogo.html', '::1', 'Mozilla/5.0 (Windows NT 10.0; Win64; x64) AppleWebKit/537.36 (KHTML, like Gecko) Chrome/149.0.0.0 Safari/537.36 Edg/149.0.0.0', '2026-06-26 00:47:18'),
(503, '/catalogo.html', '::1', 'Mozilla/5.0 (Windows NT 10.0; Win64; x64) AppleWebKit/537.36 (KHTML, like Gecko) Chrome/149.0.0.0 Safari/537.36 Edg/149.0.0.0', '2026-06-26 00:47:25'),
(504, '/catalogo.html', '::1', 'Mozilla/5.0 (Windows NT 10.0; Win64; x64) AppleWebKit/537.36 (KHTML, like Gecko) Chrome/149.0.0.0 Safari/537.36 Edg/149.0.0.0', '2026-06-26 00:47:27'),
(505, '/catalogo.html', '::1', 'Mozilla/5.0 (Windows NT 10.0; Win64; x64) AppleWebKit/537.36 (KHTML, like Gecko) Chrome/149.0.0.0 Safari/537.36 Edg/149.0.0.0', '2026-06-26 00:47:29'),
(506, '/catalogo.html', '::1', 'Mozilla/5.0 (Windows NT 10.0; Win64; x64) AppleWebKit/537.36 (KHTML, like Gecko) Chrome/149.0.0.0 Safari/537.36 Edg/149.0.0.0', '2026-06-26 00:47:33'),
(507, '/catalogo.html', '::1', 'Mozilla/5.0 (Windows NT 10.0; Win64; x64) AppleWebKit/537.36 (KHTML, like Gecko) Chrome/149.0.0.0 Safari/537.36 Edg/149.0.0.0', '2026-06-26 00:48:03'),
(508, '/catalogo.html', '::1', 'Mozilla/5.0 (Windows NT 10.0; Win64; x64) AppleWebKit/537.36 (KHTML, like Gecko) Chrome/149.0.0.0 Safari/537.36 Edg/149.0.0.0', '2026-06-26 00:48:10'),
(509, '/catalogo.html', '::1', 'Mozilla/5.0 (Windows NT 10.0; Win64; x64) AppleWebKit/537.36 (KHTML, like Gecko) Chrome/149.0.0.0 Safari/537.36 Edg/149.0.0.0', '2026-06-26 00:48:16'),
(510, '/catalogo.html', '::1', 'Mozilla/5.0 (Windows NT 10.0; Win64; x64) AppleWebKit/537.36 (KHTML, like Gecko) Chrome/149.0.0.0 Safari/537.36 Edg/149.0.0.0', '2026-06-26 00:49:21'),
(511, '/index.html', '::1', 'Mozilla/5.0 (Linux; Android 15; Pixel 9) AppleWebKit/537.36 (KHTML, like Gecko) Chrome/149.0.0.0 Mobile Safari/537.36', '2026-06-26 00:52:21'),
(512, '/catalogo.html', '::1', 'Mozilla/5.0 (Linux; Android 15; Pixel 9) AppleWebKit/537.36 (KHTML, like Gecko) Chrome/149.0.0.0 Mobile Safari/537.36', '2026-06-26 00:59:21'),
(513, '/producto.html', '::1', 'Mozilla/5.0 (Linux; Android 15; Pixel 9) AppleWebKit/537.36 (KHTML, like Gecko) Chrome/149.0.0.0 Mobile Safari/537.36', '2026-06-26 00:59:26'),
(514, '/producto.html', '::1', 'Mozilla/5.0 (Linux; Android 15; Pixel 9) AppleWebKit/537.36 (KHTML, like Gecko) Chrome/149.0.0.0 Mobile Safari/537.36', '2026-06-26 01:00:37'),
(515, '/producto.html', '::1', 'Mozilla/5.0 (Linux; Android 15; Pixel 9) AppleWebKit/537.36 (KHTML, like Gecko) Chrome/149.0.0.0 Mobile Safari/537.36', '2026-06-26 01:02:14'),
(516, '/producto.html', '::1', 'Mozilla/5.0 (Linux; Android 15; Pixel 9) AppleWebKit/537.36 (KHTML, like Gecko) Chrome/149.0.0.0 Mobile Safari/537.36', '2026-06-26 01:02:27'),
(517, '/producto.html', '::1', 'Mozilla/5.0 (Linux; Android 15; Pixel 9) AppleWebKit/537.36 (KHTML, like Gecko) Chrome/149.0.0.0 Mobile Safari/537.36', '2026-06-26 01:03:45'),
(518, '/producto.html', '::1', 'Mozilla/5.0 (Linux; Android 15; Pixel 9) AppleWebKit/537.36 (KHTML, like Gecko) Chrome/149.0.0.0 Mobile Safari/537.36', '2026-06-26 01:04:05'),
(519, '/producto.html', '::1', 'Mozilla/5.0 (Linux; Android 15; Pixel 9) AppleWebKit/537.36 (KHTML, like Gecko) Chrome/149.0.0.0 Mobile Safari/537.36', '2026-06-26 01:04:51'),
(520, '/producto.html', '::1', 'Mozilla/5.0 (Linux; Android 15; Pixel 9) AppleWebKit/537.36 (KHTML, like Gecko) Chrome/149.0.0.0 Mobile Safari/537.36', '2026-06-26 01:09:57'),
(521, '/producto.html', '::1', 'Mozilla/5.0 (Linux; Android 15; Pixel 9) AppleWebKit/537.36 (KHTML, like Gecko) Chrome/149.0.0.0 Mobile Safari/537.36', '2026-06-26 01:16:16'),
(522, '/index.html', '::1', 'Mozilla/5.0 (Windows NT 10.0; Win64; x64) AppleWebKit/537.36 (KHTML, like Gecko) Chrome/149.0.0.0 Safari/537.36 Edg/149.0.0.0', '2026-06-26 01:16:44'),
(523, '/index.html', '::1', 'Mozilla/5.0 (Windows NT 10.0; Win64; x64) AppleWebKit/537.36 (KHTML, like Gecko) Chrome/149.0.0.0 Safari/537.36 Edg/149.0.0.0', '2026-06-26 01:17:04'),
(524, '/index.html', '::1', 'Mozilla/5.0 (Windows NT 10.0; Win64; x64) AppleWebKit/537.36 (KHTML, like Gecko) Chrome/149.0.0.0 Safari/537.36 Edg/149.0.0.0', '2026-06-26 01:17:32'),
(525, '/index.html', '::1', 'Mozilla/5.0 (Windows NT 10.0; Win64; x64) AppleWebKit/537.36 (KHTML, like Gecko) Chrome/149.0.0.0 Safari/537.36 Edg/149.0.0.0', '2026-06-26 01:17:37'),
(526, '/index.html', '::1', 'Mozilla/5.0 (Windows NT 10.0; Win64; x64) AppleWebKit/537.36 (KHTML, like Gecko) Chrome/149.0.0.0 Safari/537.36 Edg/149.0.0.0', '2026-06-26 01:17:41'),
(527, '/index.html', '::1', 'Mozilla/5.0 (Windows NT 10.0; Win64; x64) AppleWebKit/537.36 (KHTML, like Gecko) Chrome/149.0.0.0 Safari/537.36 Edg/149.0.0.0', '2026-06-26 01:18:00'),
(528, '/index.html', '::1', 'Mozilla/5.0 (Windows NT 10.0; Win64; x64) AppleWebKit/537.36 (KHTML, like Gecko) Chrome/149.0.0.0 Safari/537.36 Edg/149.0.0.0', '2026-06-26 01:18:02'),
(529, '/index.html', '::1', 'Mozilla/5.0 (Windows NT 10.0; Win64; x64) AppleWebKit/537.36 (KHTML, like Gecko) Chrome/149.0.0.0 Safari/537.36 Edg/149.0.0.0', '2026-06-26 01:18:09'),
(530, '/index.html', '::1', 'Mozilla/5.0 (Windows NT 10.0; Win64; x64) AppleWebKit/537.36 (KHTML, like Gecko) Chrome/149.0.0.0 Safari/537.36 Edg/149.0.0.0', '2026-06-26 01:18:16'),
(531, '/index.html', '::1', 'Mozilla/5.0 (Windows NT 10.0; Win64; x64) AppleWebKit/537.36 (KHTML, like Gecko) Chrome/149.0.0.0 Safari/537.36 Edg/149.0.0.0', '2026-06-26 01:29:15'),
(532, '/index.html', '::1', 'Mozilla/5.0 (Windows NT 10.0; Win64; x64) AppleWebKit/537.36 (KHTML, like Gecko) Chrome/149.0.0.0 Safari/537.36 Edg/149.0.0.0', '2026-06-26 02:00:04'),
(533, '/index.html', '::1', 'Mozilla/5.0 (Windows NT 10.0; Win64; x64) AppleWebKit/537.36 (KHTML, like Gecko) Chrome/149.0.0.0 Safari/537.36 Edg/149.0.0.0', '2026-06-26 03:00:33'),
(534, '/index.html', '::1', 'Mozilla/5.0 (Windows NT 10.0; Win64; x64) AppleWebKit/537.36 (KHTML, like Gecko) Chrome/149.0.0.0 Safari/537.36 Edg/149.0.0.0', '2026-06-26 03:01:16'),
(535, '/index.html', '::1', 'Mozilla/5.0 (Windows NT 10.0; Win64; x64) AppleWebKit/537.36 (KHTML, like Gecko) Chrome/149.0.0.0 Safari/537.36 Edg/149.0.0.0', '2026-06-26 03:02:14'),
(536, '/index.html', '::1', 'Mozilla/5.0 (Windows NT 10.0; Win64; x64) AppleWebKit/537.36 (KHTML, like Gecko) Chrome/149.0.0.0 Safari/537.36 Edg/149.0.0.0', '2026-06-26 03:02:26'),
(537, '/index.html', '::1', 'Mozilla/5.0 (Windows NT 10.0; Win64; x64) AppleWebKit/537.36 (KHTML, like Gecko) Chrome/149.0.0.0 Safari/537.36 Edg/149.0.0.0', '2026-06-26 03:31:09'),
(538, '/index.html', '::1', 'Mozilla/5.0 (Windows NT 10.0; Win64; x64) AppleWebKit/537.36 (KHTML, like Gecko) Chrome/149.0.0.0 Safari/537.36 Edg/149.0.0.0', '2026-06-26 03:31:24'),
(539, '/index.html', '::1', 'Mozilla/5.0 (Windows NT 10.0; Win64; x64) AppleWebKit/537.36 (KHTML, like Gecko) Chrome/149.0.0.0 Safari/537.36 Edg/149.0.0.0', '2026-06-26 03:32:36'),
(540, '/index.html', '::1', 'Mozilla/5.0 (Windows NT 10.0; Win64; x64) AppleWebKit/537.36 (KHTML, like Gecko) Chrome/149.0.0.0 Safari/537.36 Edg/149.0.0.0', '2026-06-26 03:49:24'),
(541, '/index.html', '::1', 'Mozilla/5.0 (Windows NT 10.0; Win64; x64) AppleWebKit/537.36 (KHTML, like Gecko) Chrome/149.0.0.0 Safari/537.36 Edg/149.0.0.0', '2026-06-26 03:49:27'),
(542, '/index.html', '::1', 'Mozilla/5.0 (Windows NT 10.0; Win64; x64) AppleWebKit/537.36 (KHTML, like Gecko) Chrome/149.0.0.0 Safari/537.36 Edg/149.0.0.0', '2026-06-26 03:51:12'),
(543, '/index.html', '::1', 'Mozilla/5.0 (Windows NT 10.0; Win64; x64) AppleWebKit/537.36 (KHTML, like Gecko) Chrome/149.0.0.0 Safari/537.36 Edg/149.0.0.0', '2026-06-26 03:51:15'),
(544, '/index.html', '::1', 'Mozilla/5.0 (Windows NT 10.0; Win64; x64) AppleWebKit/537.36 (KHTML, like Gecko) Chrome/149.0.0.0 Safari/537.36 Edg/149.0.0.0', '2026-06-26 03:52:17'),
(545, '/index.html', '::1', 'Mozilla/5.0 (Windows NT 10.0; Win64; x64) AppleWebKit/537.36 (KHTML, like Gecko) Chrome/149.0.0.0 Safari/537.36 Edg/149.0.0.0', '2026-06-26 03:52:18'),
(546, '/index.html', '::1', 'Mozilla/5.0 (Windows NT 10.0; Win64; x64) AppleWebKit/537.36 (KHTML, like Gecko) Chrome/149.0.0.0 Safari/537.36 Edg/149.0.0.0', '2026-06-26 03:52:21'),
(547, '/index.html', '::1', 'Mozilla/5.0 (Windows NT 10.0; Win64; x64) AppleWebKit/537.36 (KHTML, like Gecko) Chrome/149.0.0.0 Safari/537.36 Edg/149.0.0.0', '2026-06-26 03:54:52'),
(548, '/index.html', '::1', 'Mozilla/5.0 (Linux; Android 15; Pixel 9) AppleWebKit/537.36 (KHTML, like Gecko) Chrome/149.0.0.0 Mobile Safari/537.36', '2026-06-26 04:03:15'),
(549, '/index.html', '::1', 'Mozilla/5.0 (Windows NT 10.0; Win64; x64) AppleWebKit/537.36 (KHTML, like Gecko) Chrome/149.0.0.0 Safari/537.36 Edg/149.0.0.0', '2026-06-26 04:13:05'),
(550, '/index.html', '::1', 'Mozilla/5.0 (Windows NT 10.0; Win64; x64) AppleWebKit/537.36 (KHTML, like Gecko) Chrome/149.0.0.0 Safari/537.36 Edg/149.0.0.0', '2026-06-26 04:13:13'),
(551, '/index.html', '::1', 'Mozilla/5.0 (Windows NT 10.0; Win64; x64) AppleWebKit/537.36 (KHTML, like Gecko) Chrome/149.0.0.0 Safari/537.36 Edg/149.0.0.0', '2026-06-26 04:13:16'),
(552, '/index.html', '::1', 'Mozilla/5.0 (Windows NT 10.0; Win64; x64) AppleWebKit/537.36 (KHTML, like Gecko) Chrome/149.0.0.0 Safari/537.36 Edg/149.0.0.0', '2026-06-26 04:16:20'),
(553, '/index.html', '::1', 'Mozilla/5.0 (Windows NT 10.0; Win64; x64) AppleWebKit/537.36 (KHTML, like Gecko) Chrome/149.0.0.0 Safari/537.36 Edg/149.0.0.0', '2026-06-26 04:17:48'),
(554, '/index.html', '::1', 'Mozilla/5.0 (Windows NT 10.0; Win64; x64) AppleWebKit/537.36 (KHTML, like Gecko) Chrome/149.0.0.0 Safari/537.36 Edg/149.0.0.0', '2026-06-26 04:52:04'),
(555, '/index.html', '::1', 'Mozilla/5.0 (Windows NT 10.0; Win64; x64) AppleWebKit/537.36 (KHTML, like Gecko) Chrome/149.0.0.0 Safari/537.36 Edg/149.0.0.0', '2026-06-26 04:52:06'),
(556, '/index.html', '::1', 'Mozilla/5.0 (Windows NT 10.0; Win64; x64) AppleWebKit/537.36 (KHTML, like Gecko) Chrome/149.0.0.0 Safari/537.36 Edg/149.0.0.0', '2026-06-26 04:52:22'),
(557, '/index.html', '::1', 'Mozilla/5.0 (Windows NT 10.0; Win64; x64) AppleWebKit/537.36 (KHTML, like Gecko) Chrome/149.0.0.0 Safari/537.36 Edg/149.0.0.0', '2026-06-26 04:52:22'),
(558, '/index.html', '::1', 'Mozilla/5.0 (Windows NT 10.0; Win64; x64) AppleWebKit/537.36 (KHTML, like Gecko) Chrome/149.0.0.0 Safari/537.36 Edg/149.0.0.0', '2026-06-26 04:52:23'),
(559, '/index.html', '::1', 'Mozilla/5.0 (Windows NT 10.0; Win64; x64) AppleWebKit/537.36 (KHTML, like Gecko) Chrome/149.0.0.0 Safari/537.36 Edg/149.0.0.0', '2026-06-26 04:52:27'),
(560, '/index.html', '::1', 'Mozilla/5.0 (Windows NT 10.0; Win64; x64) AppleWebKit/537.36 (KHTML, like Gecko) Chrome/149.0.0.0 Safari/537.36 Edg/149.0.0.0', '2026-06-26 04:52:43'),
(561, '/index.html', '::1', 'Mozilla/5.0 (Windows NT 10.0; Win64; x64) AppleWebKit/537.36 (KHTML, like Gecko) Chrome/149.0.0.0 Safari/537.36 Edg/149.0.0.0', '2026-06-26 04:52:45'),
(562, '/index.html', '::1', 'Mozilla/5.0 (Windows NT 10.0; Win64; x64) AppleWebKit/537.36 (KHTML, like Gecko) Chrome/149.0.0.0 Safari/537.36 Edg/149.0.0.0', '2026-06-26 04:52:56'),
(563, '/index.html', '::1', 'Mozilla/5.0 (Windows NT 10.0; Win64; x64) AppleWebKit/537.36 (KHTML, like Gecko) Chrome/149.0.0.0 Safari/537.36 Edg/149.0.0.0', '2026-06-26 04:52:57');
INSERT INTO `visitas_pagina` (`id`, `ruta`, `ip`, `user_agent`, `created_at`) VALUES
(564, '/index.html', '::1', 'Mozilla/5.0 (Windows NT 10.0; Win64; x64) AppleWebKit/537.36 (KHTML, like Gecko) Chrome/149.0.0.0 Safari/537.36 Edg/149.0.0.0', '2026-06-26 04:53:05'),
(565, '/index.html', '::1', 'Mozilla/5.0 (Linux; Android 15; Pixel 9) AppleWebKit/537.36 (KHTML, like Gecko) Chrome/149.0.0.0 Mobile Safari/537.36', '2026-06-26 04:54:37'),
(566, '/index.html', '::1', 'Mozilla/5.0 (Windows NT 10.0; Win64; x64) AppleWebKit/537.36 (KHTML, like Gecko) Chrome/149.0.0.0 Safari/537.36 Edg/149.0.0.0', '2026-06-26 04:58:51'),
(567, '/index.html', '::1', 'Mozilla/5.0 (Windows NT 10.0; Win64; x64) AppleWebKit/537.36 (KHTML, like Gecko) Chrome/149.0.0.0 Safari/537.36 Edg/149.0.0.0', '2026-06-26 04:59:35'),
(568, '/index.html', '::1', 'Mozilla/5.0 (Linux; Android 15; Pixel 9) AppleWebKit/537.36 (KHTML, like Gecko) Chrome/149.0.0.0 Mobile Safari/537.36', '2026-06-26 05:05:36'),
(569, '/index.html', '::1', 'Mozilla/5.0 (Windows NT 10.0; Win64; x64) AppleWebKit/537.36 (KHTML, like Gecko) Chrome/149.0.0.0 Safari/537.36 Edg/149.0.0.0', '2026-06-26 05:06:53'),
(570, '/index.html', '::1', 'Mozilla/5.0 (Windows NT 10.0; Win64; x64) AppleWebKit/537.36 (KHTML, like Gecko) Chrome/149.0.0.0 Safari/537.36 Edg/149.0.0.0', '2026-06-26 05:08:55'),
(571, '/index.html', '::1', 'Mozilla/5.0 (Windows NT 10.0; Win64; x64) AppleWebKit/537.36 (KHTML, like Gecko) Chrome/149.0.0.0 Safari/537.36 Edg/149.0.0.0', '2026-06-26 05:09:00'),
(572, '/index.html', '::1', 'Mozilla/5.0 (Windows NT 10.0; Win64; x64) AppleWebKit/537.36 (KHTML, like Gecko) Chrome/149.0.0.0 Safari/537.36 Edg/149.0.0.0', '2026-06-26 05:09:51'),
(573, '/index.html', '::1', 'Mozilla/5.0 (Windows NT 10.0; Win64; x64) AppleWebKit/537.36 (KHTML, like Gecko) Chrome/149.0.0.0 Safari/537.36 Edg/149.0.0.0', '2026-06-26 05:10:12'),
(574, '/index.html', '::1', 'Mozilla/5.0 (Windows NT 10.0; Win64; x64) AppleWebKit/537.36 (KHTML, like Gecko) Chrome/149.0.0.0 Safari/537.36 Edg/149.0.0.0', '2026-06-26 05:11:12'),
(575, '/index.html', '::1', 'Mozilla/5.0 (Linux; Android 15; Pixel 9) AppleWebKit/537.36 (KHTML, like Gecko) Chrome/149.0.0.0 Mobile Safari/537.36', '2026-06-26 05:14:40'),
(576, '/index.html', '::1', 'Mozilla/5.0 (Linux; Android 15; Pixel 9) AppleWebKit/537.36 (KHTML, like Gecko) Chrome/149.0.0.0 Mobile Safari/537.36', '2026-06-26 05:14:43'),
(577, '/index.html', '::1', 'Mozilla/5.0 (Linux; Android 15; Pixel 9) AppleWebKit/537.36 (KHTML, like Gecko) Chrome/149.0.0.0 Mobile Safari/537.36', '2026-06-26 05:14:45'),
(578, '/index.html', '::1', 'Mozilla/5.0 (Linux; Android 15; Pixel 9) AppleWebKit/537.36 (KHTML, like Gecko) Chrome/149.0.0.0 Mobile Safari/537.36', '2026-06-26 05:14:46'),
(579, '/index.html', '::1', 'Mozilla/5.0 (Linux; Android 15; Pixel 9) AppleWebKit/537.36 (KHTML, like Gecko) Chrome/149.0.0.0 Mobile Safari/537.36', '2026-06-26 05:14:52'),
(580, '/index.html', '::1', 'Mozilla/5.0 (Linux; Android 15; Pixel 9) AppleWebKit/537.36 (KHTML, like Gecko) Chrome/149.0.0.0 Mobile Safari/537.36', '2026-06-26 05:15:07'),
(581, '/index.html', '::1', 'Mozilla/5.0 (Linux; Android 15; Pixel 9) AppleWebKit/537.36 (KHTML, like Gecko) Chrome/149.0.0.0 Mobile Safari/537.36', '2026-06-26 05:15:09'),
(582, '/index.html', '::1', 'Mozilla/5.0 (Linux; Android 15; Pixel 9) AppleWebKit/537.36 (KHTML, like Gecko) Chrome/149.0.0.0 Mobile Safari/537.36', '2026-06-26 05:15:14'),
(583, '/index.html', '::1', 'Mozilla/5.0 (Linux; Android 15; Pixel 9) AppleWebKit/537.36 (KHTML, like Gecko) Chrome/149.0.0.0 Mobile Safari/537.36', '2026-06-26 05:15:17'),
(584, '/index.html', '::1', 'Mozilla/5.0 (Linux; Android 15; Pixel 9) AppleWebKit/537.36 (KHTML, like Gecko) Chrome/149.0.0.0 Mobile Safari/537.36', '2026-06-26 05:15:19'),
(585, '/index.html', '::1', 'Mozilla/5.0 (Linux; Android 15; Pixel 9) AppleWebKit/537.36 (KHTML, like Gecko) Chrome/149.0.0.0 Mobile Safari/537.36', '2026-06-26 05:15:25'),
(586, '/index.html', '::1', 'Mozilla/5.0 (Linux; Android 15; Pixel 9) AppleWebKit/537.36 (KHTML, like Gecko) Chrome/149.0.0.0 Mobile Safari/537.36', '2026-06-26 05:15:27'),
(587, '/index.html', '::1', 'Mozilla/5.0 (Linux; Android 15; Pixel 9) AppleWebKit/537.36 (KHTML, like Gecko) Chrome/149.0.0.0 Mobile Safari/537.36', '2026-06-26 05:15:28'),
(588, '/index.html', '::1', 'Mozilla/5.0 (Linux; Android 15; Pixel 9) AppleWebKit/537.36 (KHTML, like Gecko) Chrome/149.0.0.0 Mobile Safari/537.36', '2026-06-26 05:15:37'),
(589, '/index.html', '::1', 'Mozilla/5.0 (Linux; Android 15; Pixel 9) AppleWebKit/537.36 (KHTML, like Gecko) Chrome/149.0.0.0 Mobile Safari/537.36', '2026-06-26 05:15:39'),
(590, '/index.html', '::1', 'Mozilla/5.0 (Linux; Android 15; Pixel 9) AppleWebKit/537.36 (KHTML, like Gecko) Chrome/149.0.0.0 Mobile Safari/537.36', '2026-06-26 05:15:48'),
(591, '/index.html', '::1', 'Mozilla/5.0 (Linux; Android 15; Pixel 9) AppleWebKit/537.36 (KHTML, like Gecko) Chrome/149.0.0.0 Mobile Safari/537.36', '2026-06-26 05:16:04'),
(592, '/index.html', '::1', 'Mozilla/5.0 (Linux; Android 15; Pixel 9) AppleWebKit/537.36 (KHTML, like Gecko) Chrome/149.0.0.0 Mobile Safari/537.36', '2026-06-26 05:16:08'),
(593, '/index.html', '::1', 'Mozilla/5.0 (Linux; Android 15; Pixel 9) AppleWebKit/537.36 (KHTML, like Gecko) Chrome/149.0.0.0 Mobile Safari/537.36', '2026-06-26 05:16:16'),
(594, '/index.html', '::1', 'Mozilla/5.0 (Linux; Android 15; Pixel 9) AppleWebKit/537.36 (KHTML, like Gecko) Chrome/149.0.0.0 Mobile Safari/537.36', '2026-06-26 05:16:43'),
(595, '/index.html', '::1', 'Mozilla/5.0 (Windows NT 10.0; Win64; x64) AppleWebKit/537.36 (KHTML, like Gecko) Chrome/149.0.0.0 Safari/537.36 Edg/149.0.0.0', '2026-06-26 05:19:28'),
(596, '/index.html', '::1', 'Mozilla/5.0 (Windows NT 10.0; Win64; x64) AppleWebKit/537.36 (KHTML, like Gecko) Chrome/149.0.0.0 Safari/537.36 Edg/149.0.0.0', '2026-06-26 05:19:32'),
(597, '/index.html', '::1', 'Mozilla/5.0 (Windows NT 10.0; Win64; x64) AppleWebKit/537.36 (KHTML, like Gecko) Chrome/149.0.0.0 Safari/537.36 Edg/149.0.0.0', '2026-06-26 05:19:46'),
(598, '/catalogo.html', '::1', 'Mozilla/5.0 (Windows NT 10.0; Win64; x64) AppleWebKit/537.36 (KHTML, like Gecko) Chrome/150.0.0.0 Safari/537.36 Edg/150.0.0.0', '2026-07-06 00:32:52'),
(599, '/catalogo.html', '::1', 'Mozilla/5.0 (Linux; Android 15; Pixel 9) AppleWebKit/537.36 (KHTML, like Gecko) Chrome/150.0.0.0 Mobile Safari/537.36', '2026-07-06 00:34:43'),
(600, '/catalogo.html', '::1', 'Mozilla/5.0 (Linux; Android 15; Pixel 9) AppleWebKit/537.36 (KHTML, like Gecko) Chrome/150.0.0.0 Mobile Safari/537.36', '2026-07-06 00:34:45'),
(601, '/catalogo.html', '::1', 'Mozilla/5.0 (Linux; Android 15; Pixel 9) AppleWebKit/537.36 (KHTML, like Gecko) Chrome/150.0.0.0 Mobile Safari/537.36', '2026-07-06 00:34:48'),
(602, '/catalogo.html', '::1', 'Mozilla/5.0 (Linux; Android 15; Pixel 9) AppleWebKit/537.36 (KHTML, like Gecko) Chrome/150.0.0.0 Mobile Safari/537.36', '2026-07-06 00:34:52'),
(603, '/catalogo.html', '::1', 'Mozilla/5.0 (Linux; Android 15; Pixel 9) AppleWebKit/537.36 (KHTML, like Gecko) Chrome/150.0.0.0 Mobile Safari/537.36', '2026-07-06 00:36:16'),
(604, '/catalogo.html', '::1', 'Mozilla/5.0 (Linux; Android 15; Pixel 9) AppleWebKit/537.36 (KHTML, like Gecko) Chrome/150.0.0.0 Mobile Safari/537.36', '2026-07-06 00:37:05'),
(605, '/catalogo.html', '::1', 'Mozilla/5.0 (Linux; Android 15; Pixel 9) AppleWebKit/537.36 (KHTML, like Gecko) Chrome/150.0.0.0 Mobile Safari/537.36', '2026-07-06 00:37:58'),
(606, '/catalogo.html', '::1', 'Mozilla/5.0 (Linux; Android 15; Pixel 9) AppleWebKit/537.36 (KHTML, like Gecko) Chrome/150.0.0.0 Mobile Safari/537.36', '2026-07-06 00:38:29'),
(607, '/catalogo.html', '::1', 'Mozilla/5.0 (Linux; Android 15; Pixel 9) AppleWebKit/537.36 (KHTML, like Gecko) Chrome/150.0.0.0 Mobile Safari/537.36', '2026-07-06 00:38:45'),
(608, '/catalogo.html', '::1', 'Mozilla/5.0 (Linux; Android 15; Pixel 9) AppleWebKit/537.36 (KHTML, like Gecko) Chrome/150.0.0.0 Mobile Safari/537.36', '2026-07-06 00:39:08'),
(609, '/catalogo.html', '::1', 'Mozilla/5.0 (Linux; Android 15; Pixel 9) AppleWebKit/537.36 (KHTML, like Gecko) Chrome/150.0.0.0 Mobile Safari/537.36', '2026-07-06 00:39:39'),
(610, '/catalogo.html', '::1', 'Mozilla/5.0 (Linux; Android 15; Pixel 9) AppleWebKit/537.36 (KHTML, like Gecko) Chrome/150.0.0.0 Mobile Safari/537.36', '2026-07-06 00:39:58'),
(611, '/catalogo.html', '::1', 'Mozilla/5.0 (Linux; Android 15; Pixel 9) AppleWebKit/537.36 (KHTML, like Gecko) Chrome/150.0.0.0 Mobile Safari/537.36', '2026-07-06 00:40:34'),
(612, '/catalogo.html', '::1', 'Mozilla/5.0 (Linux; Android 15; Pixel 9) AppleWebKit/537.36 (KHTML, like Gecko) Chrome/150.0.0.0 Mobile Safari/537.36', '2026-07-06 00:40:45'),
(613, '/catalogo.html', '::1', 'Mozilla/5.0 (Linux; Android 15; Pixel 9) AppleWebKit/537.36 (KHTML, like Gecko) Chrome/150.0.0.0 Mobile Safari/537.36', '2026-07-06 00:40:55'),
(614, '/catalogo.html', '::1', 'Mozilla/5.0 (Linux; Android 15; Pixel 9) AppleWebKit/537.36 (KHTML, like Gecko) Chrome/150.0.0.0 Mobile Safari/537.36', '2026-07-06 00:41:05'),
(615, '/catalogo.html', '::1', 'Mozilla/5.0 (Linux; Android 15; Pixel 9) AppleWebKit/537.36 (KHTML, like Gecko) Chrome/150.0.0.0 Mobile Safari/537.36', '2026-07-06 00:41:38'),
(616, '/', '::1', 'Mozilla/5.0 (Windows NT 10.0; Win64; x64) AppleWebKit/537.36 (KHTML, like Gecko) Chrome/150.0.0.0 Safari/537.36 Edg/150.0.0.0', '2026-07-06 00:43:10'),
(617, '/catalogo.html', '::1', 'Mozilla/5.0 (Windows NT 10.0; Win64; x64) AppleWebKit/537.36 (KHTML, like Gecko) Chrome/150.0.0.0 Safari/537.36 Edg/150.0.0.0', '2026-07-06 00:43:12'),
(618, '/catalogo.html', '::1', 'Mozilla/5.0 (Linux; Android 15; Pixel 9) AppleWebKit/537.36 (KHTML, like Gecko) Chrome/150.0.0.0 Mobile Safari/537.36', '2026-07-06 00:44:01'),
(619, '/index.html', '::1', 'Mozilla/5.0 (Linux; Android 15; Pixel 9) AppleWebKit/537.36 (KHTML, like Gecko) Chrome/150.0.0.0 Mobile Safari/537.36', '2026-07-06 00:48:34'),
(620, '/catalogo.html', '::1', 'Mozilla/5.0 (Linux; Android 15; Pixel 9) AppleWebKit/537.36 (KHTML, like Gecko) Chrome/150.0.0.0 Mobile Safari/537.36', '2026-07-06 00:48:38'),
(621, '/index.html', '::1', 'Mozilla/5.0 (Linux; Android 15; Pixel 9) AppleWebKit/537.36 (KHTML, like Gecko) Chrome/150.0.0.0 Mobile Safari/537.36', '2026-07-06 00:48:42'),
(622, '/producto.html', '::1', 'Mozilla/5.0 (Linux; Android 15; Pixel 9) AppleWebKit/537.36 (KHTML, like Gecko) Chrome/150.0.0.0 Mobile Safari/537.36', '2026-07-06 00:49:15'),
(623, '/index.html', '::1', 'Mozilla/5.0 (Linux; Android 15; Pixel 9) AppleWebKit/537.36 (KHTML, like Gecko) Chrome/150.0.0.0 Mobile Safari/537.36', '2026-07-06 00:53:57'),
(624, '/catalogo.html', '::1', 'Mozilla/5.0 (Linux; Android 15; Pixel 9) AppleWebKit/537.36 (KHTML, like Gecko) Chrome/150.0.0.0 Mobile Safari/537.36', '2026-07-06 00:54:05'),
(625, '/catalogo.html', '::1', 'Mozilla/5.0 (Linux; Android 15; Pixel 9) AppleWebKit/537.36 (KHTML, like Gecko) Chrome/150.0.0.0 Mobile Safari/537.36', '2026-07-06 00:56:37'),
(626, '/index.html', '::1', 'Mozilla/5.0 (Linux; Android 15; Pixel 9) AppleWebKit/537.36 (KHTML, like Gecko) Chrome/150.0.0.0 Mobile Safari/537.36', '2026-07-06 00:57:14'),
(627, '/index.html', '::1', 'Mozilla/5.0 (Linux; Android 15; Pixel 9) AppleWebKit/537.36 (KHTML, like Gecko) Chrome/150.0.0.0 Mobile Safari/537.36', '2026-07-06 00:57:33'),
(628, '/catalogo.html', '::1', 'Mozilla/5.0 (Linux; Android 15; Pixel 9) AppleWebKit/537.36 (KHTML, like Gecko) Chrome/150.0.0.0 Mobile Safari/537.36', '2026-07-06 00:57:39'),
(629, '/catalogo.html', '::1', 'Mozilla/5.0 (Linux; Android 15; Pixel 9) AppleWebKit/537.36 (KHTML, like Gecko) Chrome/150.0.0.0 Mobile Safari/537.36', '2026-07-06 00:58:03'),
(630, '/index.html', '::1', 'Mozilla/5.0 (Windows NT 10.0; Win64; x64) AppleWebKit/537.36 (KHTML, like Gecko) Chrome/150.0.0.0 Safari/537.36 Edg/150.0.0.0', '2026-07-06 00:58:27'),
(631, '/catalogo.html', '::1', 'Mozilla/5.0 (Windows NT 10.0; Win64; x64) AppleWebKit/537.36 (KHTML, like Gecko) Chrome/150.0.0.0 Safari/537.36 Edg/150.0.0.0', '2026-07-06 00:58:33'),
(632, '/catalogo.html', '::1', 'Mozilla/5.0 (Windows NT 10.0; Win64; x64) AppleWebKit/537.36 (KHTML, like Gecko) Chrome/150.0.0.0 Safari/537.36 Edg/150.0.0.0', '2026-07-06 00:59:07'),
(633, '/', '::1', 'Mozilla/5.0 (Windows NT 10.0; Win64; x64) AppleWebKit/537.36 (KHTML, like Gecko) Chrome/150.0.0.0 Safari/537.36 Edg/150.0.0.0', '2026-07-06 00:59:56'),
(634, '/catalogo.html', '::1', 'Mozilla/5.0 (Linux; Android 15; Pixel 9) AppleWebKit/537.36 (KHTML, like Gecko) Chrome/150.0.0.0 Mobile Safari/537.36', '2026-07-06 01:00:06'),
(635, '/index.html', '::1', 'Mozilla/5.0 (Linux; Android 15; Pixel 9) AppleWebKit/537.36 (KHTML, like Gecko) Chrome/150.0.0.0 Mobile Safari/537.36', '2026-07-06 01:03:09'),
(636, '/catalogo.html', '::1', 'Mozilla/5.0 (Linux; Android 15; Pixel 9) AppleWebKit/537.36 (KHTML, like Gecko) Chrome/150.0.0.0 Mobile Safari/537.36', '2026-07-06 01:03:40'),
(637, '/index.html', '::1', 'Mozilla/5.0 (Windows NT 10.0; Win64; x64) AppleWebKit/537.36 (KHTML, like Gecko) Chrome/150.0.0.0 Safari/537.36 Edg/150.0.0.0', '2026-07-06 01:04:59'),
(638, '/index.html', '::1', 'Mozilla/5.0 (Linux; Android 15; Pixel 9) AppleWebKit/537.36 (KHTML, like Gecko) Chrome/150.0.0.0 Mobile Safari/537.36', '2026-07-06 01:09:48'),
(639, '/producto.html', '::1', 'Mozilla/5.0 (Linux; Android 15; Pixel 9) AppleWebKit/537.36 (KHTML, like Gecko) Chrome/150.0.0.0 Mobile Safari/537.36', '2026-07-06 01:13:11'),
(640, '/index.html', '::1', 'Mozilla/5.0 (Linux; Android 15; Pixel 9) AppleWebKit/537.36 (KHTML, like Gecko) Chrome/150.0.0.0 Mobile Safari/537.36', '2026-07-06 01:13:14'),
(641, '/producto.html', '::1', 'Mozilla/5.0 (Linux; Android 15; Pixel 9) AppleWebKit/537.36 (KHTML, like Gecko) Chrome/150.0.0.0 Mobile Safari/537.36', '2026-07-06 01:13:20'),
(642, '/index.html', '::1', 'Mozilla/5.0 (Windows NT 10.0; Win64; x64) AppleWebKit/537.36 (KHTML, like Gecko) Chrome/150.0.0.0 Safari/537.36 Edg/150.0.0.0', '2026-07-06 01:16:02'),
(643, '/index.html', '::1', 'Mozilla/5.0 (Linux; Android 15; Pixel 9) AppleWebKit/537.36 (KHTML, like Gecko) Chrome/150.0.0.0 Mobile Safari/537.36', '2026-07-06 02:21:55'),
(644, '/index.html', '::1', 'Mozilla/5.0 (Linux; Android 15; Pixel 9) AppleWebKit/537.36 (KHTML, like Gecko) Chrome/150.0.0.0 Mobile Safari/537.36', '2026-07-06 03:50:20'),
(645, '/index.html', '::1', 'Mozilla/5.0 (Linux; Android 15; Pixel 9) AppleWebKit/537.36 (KHTML, like Gecko) Chrome/150.0.0.0 Mobile Safari/537.36', '2026-07-06 03:52:26'),
(646, '/index.html', '::1', 'Mozilla/5.0 (Linux; Android 15; Pixel 9) AppleWebKit/537.36 (KHTML, like Gecko) Chrome/150.0.0.0 Mobile Safari/537.36', '2026-07-06 03:52:39'),
(647, '/index.html', '::1', 'Mozilla/5.0 (Linux; Android 15; Pixel 9) AppleWebKit/537.36 (KHTML, like Gecko) Chrome/150.0.0.0 Mobile Safari/537.36', '2026-07-06 03:56:57'),
(648, '/index.html', '::1', 'Mozilla/5.0 (Linux; Android 15; Pixel 9) AppleWebKit/537.36 (KHTML, like Gecko) Chrome/150.0.0.0 Mobile Safari/537.36', '2026-07-06 03:57:24'),
(649, '/index.html', '::1', 'Mozilla/5.0 (Linux; Android 15; Pixel 9) AppleWebKit/537.36 (KHTML, like Gecko) Chrome/150.0.0.0 Mobile Safari/537.36', '2026-07-06 03:59:32'),
(650, '/index.html', '::1', 'Mozilla/5.0 (Linux; Android 15; Pixel 9) AppleWebKit/537.36 (KHTML, like Gecko) Chrome/150.0.0.0 Mobile Safari/537.36', '2026-07-06 03:59:34'),
(651, '/index.html', '::1', 'Mozilla/5.0 (Linux; Android 15; Pixel 9) AppleWebKit/537.36 (KHTML, like Gecko) Chrome/150.0.0.0 Mobile Safari/537.36', '2026-07-06 03:59:40'),
(652, '/index.html', '::1', 'Mozilla/5.0 (Linux; Android 15; Pixel 9) AppleWebKit/537.36 (KHTML, like Gecko) Chrome/150.0.0.0 Mobile Safari/537.36', '2026-07-06 03:59:43'),
(653, '/', '::1', 'Mozilla/5.0 (Linux; Android 15; Pixel 9) AppleWebKit/537.36 (KHTML, like Gecko) Chrome/150.0.0.0 Mobile Safari/537.36', '2026-07-06 04:01:01'),
(654, '/catalogo.html', '::1', 'Mozilla/5.0 (Linux; Android 15; Pixel 9) AppleWebKit/537.36 (KHTML, like Gecko) Chrome/150.0.0.0 Mobile Safari/537.36', '2026-07-06 04:07:21'),
(655, '/catalogo.html', '::1', 'Mozilla/5.0 (Linux; Android 15; Pixel 9) AppleWebKit/537.36 (KHTML, like Gecko) Chrome/150.0.0.0 Mobile Safari/537.36', '2026-07-06 04:15:13'),
(656, '/index.html', '::1', 'Mozilla/5.0 (Linux; Android 15; Pixel 9) AppleWebKit/537.36 (KHTML, like Gecko) Chrome/150.0.0.0 Mobile Safari/537.36', '2026-07-06 04:21:34'),
(657, '/index.html', '::1', 'Mozilla/5.0 (Linux; Android 15; Pixel 9) AppleWebKit/537.36 (KHTML, like Gecko) Chrome/150.0.0.0 Mobile Safari/537.36', '2026-07-06 04:32:36'),
(658, '/catalogo.html', '::1', 'Mozilla/5.0 (Linux; Android 15; Pixel 9) AppleWebKit/537.36 (KHTML, like Gecko) Chrome/150.0.0.0 Mobile Safari/537.36', '2026-07-06 04:48:23'),
(659, '/index.html', '::1', 'Mozilla/5.0 (Linux; Android 15; Pixel 9) AppleWebKit/537.36 (KHTML, like Gecko) Chrome/150.0.0.0 Mobile Safari/537.36', '2026-07-06 04:48:37'),
(660, '/index.html', '::1', 'Mozilla/5.0 (Linux; Android 15; Pixel 9) AppleWebKit/537.36 (KHTML, like Gecko) Chrome/150.0.0.0 Mobile Safari/537.36', '2026-07-06 04:51:08'),
(661, '/index.html', '::1', 'Mozilla/5.0 (Linux; Android 15; Pixel 9) AppleWebKit/537.36 (KHTML, like Gecko) Chrome/150.0.0.0 Mobile Safari/537.36', '2026-07-06 04:55:26'),
(662, '/index.html', '::1', 'Mozilla/5.0 (Linux; Android 15; Pixel 9) AppleWebKit/537.36 (KHTML, like Gecko) Chrome/150.0.0.0 Mobile Safari/537.36', '2026-07-06 05:16:19'),
(663, '/catalogo.html', '::1', 'Mozilla/5.0 (Linux; Android 15; Pixel 9) AppleWebKit/537.36 (KHTML, like Gecko) Chrome/150.0.0.0 Mobile Safari/537.36', '2026-07-06 05:23:33'),
(664, '/index.html', '::1', 'Mozilla/5.0 (Linux; Android 15; Pixel 9) AppleWebKit/537.36 (KHTML, like Gecko) Chrome/150.0.0.0 Mobile Safari/537.36', '2026-07-06 05:24:02'),
(665, '/catalogo.html', '::1', 'Mozilla/5.0 (Linux; Android 15; Pixel 9) AppleWebKit/537.36 (KHTML, like Gecko) Chrome/150.0.0.0 Mobile Safari/537.36', '2026-07-06 05:24:08'),
(666, '/index.html', '::1', 'Mozilla/5.0 (Linux; Android 15; Pixel 9) AppleWebKit/537.36 (KHTML, like Gecko) Chrome/150.0.0.0 Mobile Safari/537.36', '2026-07-06 05:24:22'),
(667, '/index.html', '::1', 'Mozilla/5.0 (Linux; Android 15; Pixel 9) AppleWebKit/537.36 (KHTML, like Gecko) Chrome/150.0.0.0 Mobile Safari/537.36', '2026-07-06 05:24:48'),
(668, '/index.html', '::1', 'Mozilla/5.0 (Linux; Android 15; Pixel 9) AppleWebKit/537.36 (KHTML, like Gecko) Chrome/150.0.0.0 Mobile Safari/537.36', '2026-07-06 05:25:49'),
(669, '/catalogo.html', '::1', 'Mozilla/5.0 (Linux; Android 15; Pixel 9) AppleWebKit/537.36 (KHTML, like Gecko) Chrome/150.0.0.0 Mobile Safari/537.36', '2026-07-06 05:26:05'),
(670, '/index.html', '::1', 'Mozilla/5.0 (Linux; Android 15; Pixel 9) AppleWebKit/537.36 (KHTML, like Gecko) Chrome/150.0.0.0 Mobile Safari/537.36', '2026-07-06 05:26:13'),
(671, '/catalogo.html', '::1', 'Mozilla/5.0 (Linux; Android 15; Pixel 9) AppleWebKit/537.36 (KHTML, like Gecko) Chrome/150.0.0.0 Mobile Safari/537.36', '2026-07-06 05:26:21'),
(672, '/catalogo.html', '::1', 'Mozilla/5.0 (Linux; Android 15; Pixel 9) AppleWebKit/537.36 (KHTML, like Gecko) Chrome/150.0.0.0 Mobile Safari/537.36', '2026-07-06 05:26:49'),
(673, '/index.html', '::1', 'Mozilla/5.0 (Linux; Android 15; Pixel 9) AppleWebKit/537.36 (KHTML, like Gecko) Chrome/150.0.0.0 Mobile Safari/537.36', '2026-07-06 05:26:53'),
(674, '/novedades.html', '::1', 'Mozilla/5.0 (Linux; Android 15; Pixel 9) AppleWebKit/537.36 (KHTML, like Gecko) Chrome/150.0.0.0 Mobile Safari/537.36', '2026-07-06 05:28:07'),
(675, '/novedades.html', '::1', 'Mozilla/5.0 (Linux; Android 15; Pixel 9) AppleWebKit/537.36 (KHTML, like Gecko) Chrome/150.0.0.0 Mobile Safari/537.36', '2026-07-06 05:28:26'),
(676, '/novedades.html', '::1', 'Mozilla/5.0 (Linux; Android 15; Pixel 9) AppleWebKit/537.36 (KHTML, like Gecko) Chrome/150.0.0.0 Mobile Safari/537.36', '2026-07-06 05:28:31'),
(677, '/novedades.html', '::1', 'Mozilla/5.0 (Linux; Android 15; Pixel 9) AppleWebKit/537.36 (KHTML, like Gecko) Chrome/150.0.0.0 Mobile Safari/537.36', '2026-07-06 05:28:33'),
(678, '/novedades.html', '::1', 'Mozilla/5.0 (Linux; Android 15; Pixel 9) AppleWebKit/537.36 (KHTML, like Gecko) Chrome/150.0.0.0 Mobile Safari/537.36', '2026-07-06 05:28:43'),
(679, '/novedades.html', '::1', 'Mozilla/5.0 (Linux; Android 15; Pixel 9) AppleWebKit/537.36 (KHTML, like Gecko) Chrome/150.0.0.0 Mobile Safari/537.36', '2026-07-06 05:28:44'),
(680, '/novedades.html', '::1', 'Mozilla/5.0 (Linux; Android 15; Pixel 9) AppleWebKit/537.36 (KHTML, like Gecko) Chrome/150.0.0.0 Mobile Safari/537.36', '2026-07-06 05:28:47'),
(681, '/novedades.html', '::1', 'Mozilla/5.0 (Linux; Android 15; Pixel 9) AppleWebKit/537.36 (KHTML, like Gecko) Chrome/150.0.0.0 Mobile Safari/537.36', '2026-07-06 05:28:56'),
(682, '/novedades.html', '::1', 'Mozilla/5.0 (Linux; Android 15; Pixel 9) AppleWebKit/537.36 (KHTML, like Gecko) Chrome/150.0.0.0 Mobile Safari/537.36', '2026-07-06 05:28:57'),
(683, '/novedades.html', '::1', 'Mozilla/5.0 (Linux; Android 15; Pixel 9) AppleWebKit/537.36 (KHTML, like Gecko) Chrome/150.0.0.0 Mobile Safari/537.36', '2026-07-06 05:29:08'),
(684, '/index.html', '::1', 'Mozilla/5.0 (Linux; Android 15; Pixel 9) AppleWebKit/537.36 (KHTML, like Gecko) Chrome/150.0.0.0 Mobile Safari/537.36', '2026-07-06 05:29:53'),
(685, '/', '::1', 'Mozilla/5.0 (Windows NT 10.0; Win64; x64) AppleWebKit/537.36 (KHTML, like Gecko) Chrome/150.0.0.0 Safari/537.36 Edg/150.0.0.0', '2026-07-09 15:32:00');

--
-- Índices para tablas volcadas
--

--
-- Indices de la tabla `aliados`
--
ALTER TABLE `aliados`
  ADD PRIMARY KEY (`id`);

--
-- Indices de la tabla `asistencias`
--
ALTER TABLE `asistencias`
  ADD PRIMARY KEY (`id`),
  ADD KEY `cliente_id` (`cliente_id`);

--
-- Indices de la tabla `categorias`
--
ALTER TABLE `categorias`
  ADD PRIMARY KEY (`id`);

--
-- Indices de la tabla `clientes`
--
ALTER TABLE `clientes`
  ADD PRIMARY KEY (`id`),
  ADD UNIQUE KEY `cedula` (`cedula`);

--
-- Indices de la tabla `comentarios_clientes`
--
ALTER TABLE `comentarios_clientes`
  ADD PRIMARY KEY (`id`);

--
-- Indices de la tabla `configuracion`
--
ALTER TABLE `configuracion`
  ADD PRIMARY KEY (`id`),
  ADD UNIQUE KEY `clave` (`clave`);

--
-- Indices de la tabla `ejercicios`
--
ALTER TABLE `ejercicios`
  ADD PRIMARY KEY (`id`),
  ADD KEY `grupo_id` (`grupo_id`);

--
-- Indices de la tabla `flyers`
--
ALTER TABLE `flyers`
  ADD PRIMARY KEY (`id`);

--
-- Indices de la tabla `grupos_musculares`
--
ALTER TABLE `grupos_musculares`
  ADD PRIMARY KEY (`id`);

--
-- Indices de la tabla `mesas`
--
ALTER TABLE `mesas`
  ADD PRIMARY KEY (`id`);

--
-- Indices de la tabla `pedidos`
--
ALTER TABLE `pedidos`
  ADD PRIMARY KEY (`id`);

--
-- Indices de la tabla `productos`
--
ALTER TABLE `productos`
  ADD PRIMARY KEY (`id`);

--
-- Indices de la tabla `publicidad_eventos`
--
ALTER TABLE `publicidad_eventos`
  ADD PRIMARY KEY (`id`);

--
-- Indices de la tabla `reservas_evento`
--
ALTER TABLE `reservas_evento`
  ADD PRIMARY KEY (`id`);

--
-- Indices de la tabla `visitas_pagina`
--
ALTER TABLE `visitas_pagina`
  ADD PRIMARY KEY (`id`);

--
-- AUTO_INCREMENT de las tablas volcadas
--

--
-- AUTO_INCREMENT de la tabla `aliados`
--
ALTER TABLE `aliados`
  MODIFY `id` int(11) NOT NULL AUTO_INCREMENT, AUTO_INCREMENT=10;

--
-- AUTO_INCREMENT de la tabla `asistencias`
--
ALTER TABLE `asistencias`
  MODIFY `id` int(11) NOT NULL AUTO_INCREMENT, AUTO_INCREMENT=5;

--
-- AUTO_INCREMENT de la tabla `categorias`
--
ALTER TABLE `categorias`
  MODIFY `id` int(11) NOT NULL AUTO_INCREMENT, AUTO_INCREMENT=12;

--
-- AUTO_INCREMENT de la tabla `clientes`
--
ALTER TABLE `clientes`
  MODIFY `id` int(11) NOT NULL AUTO_INCREMENT, AUTO_INCREMENT=4;

--
-- AUTO_INCREMENT de la tabla `comentarios_clientes`
--
ALTER TABLE `comentarios_clientes`
  MODIFY `id` int(11) NOT NULL AUTO_INCREMENT, AUTO_INCREMENT=6;

--
-- AUTO_INCREMENT de la tabla `configuracion`
--
ALTER TABLE `configuracion`
  MODIFY `id` int(11) NOT NULL AUTO_INCREMENT, AUTO_INCREMENT=5;

--
-- AUTO_INCREMENT de la tabla `ejercicios`
--
ALTER TABLE `ejercicios`
  MODIFY `id` int(11) NOT NULL AUTO_INCREMENT, AUTO_INCREMENT=11;

--
-- AUTO_INCREMENT de la tabla `flyers`
--
ALTER TABLE `flyers`
  MODIFY `id` int(11) NOT NULL AUTO_INCREMENT, AUTO_INCREMENT=16;

--
-- AUTO_INCREMENT de la tabla `grupos_musculares`
--
ALTER TABLE `grupos_musculares`
  MODIFY `id` int(11) NOT NULL AUTO_INCREMENT, AUTO_INCREMENT=6;

--
-- AUTO_INCREMENT de la tabla `pedidos`
--
ALTER TABLE `pedidos`
  MODIFY `id` int(11) NOT NULL AUTO_INCREMENT, AUTO_INCREMENT=7;

--
-- AUTO_INCREMENT de la tabla `productos`
--
ALTER TABLE `productos`
  MODIFY `id` int(11) NOT NULL AUTO_INCREMENT, AUTO_INCREMENT=6;

--
-- AUTO_INCREMENT de la tabla `publicidad_eventos`
--
ALTER TABLE `publicidad_eventos`
  MODIFY `id` int(11) NOT NULL AUTO_INCREMENT, AUTO_INCREMENT=2;

--
-- AUTO_INCREMENT de la tabla `reservas_evento`
--
ALTER TABLE `reservas_evento`
  MODIFY `id` int(11) NOT NULL AUTO_INCREMENT, AUTO_INCREMENT=2;

--
-- AUTO_INCREMENT de la tabla `visitas_pagina`
--
ALTER TABLE `visitas_pagina`
  MODIFY `id` int(11) NOT NULL AUTO_INCREMENT, AUTO_INCREMENT=686;

--
-- Restricciones para tablas volcadas
--

--
-- Filtros para la tabla `asistencias`
--
ALTER TABLE `asistencias`
  ADD CONSTRAINT `asistencias_ibfk_1` FOREIGN KEY (`cliente_id`) REFERENCES `clientes` (`id`) ON DELETE CASCADE;

--
-- Filtros para la tabla `ejercicios`
--
ALTER TABLE `ejercicios`
  ADD CONSTRAINT `ejercicios_ibfk_1` FOREIGN KEY (`grupo_id`) REFERENCES `grupos_musculares` (`id`) ON DELETE CASCADE;
COMMIT;

/*!40101 SET CHARACTER_SET_CLIENT=@OLD_CHARACTER_SET_CLIENT */;
/*!40101 SET CHARACTER_SET_RESULTS=@OLD_CHARACTER_SET_RESULTS */;
/*!40101 SET COLLATION_CONNECTION=@OLD_COLLATION_CONNECTION */;
